fid,leave_time,arrive_time,from_ap,to_ap,category,pid,new_category,new_pid,new_leave,new_arrive,delay
174774232,04/22/16 13:55,04/22/16 15:30,OVS,WTR,9,14098,9,14098,04/22/16 13:55,04/22/16 15:30,0
174773957,04/22/16 17:25,04/22/16 19:00,WTR,OVS,9,14098,9,14098,04/22/16 19:25,04/22/16 21:00,120
174773460,04/22/16 20:50,04/22/16 22:05,OVS,ZOV,9,14098,9,82098,04/22/16 20:50,04/22/16 22:05,0
174777548,04/23/16 03:15,04/23/16 04:20,ZOV,OVS,9,14098,9,14098,04/23/16 03:15,04/23/16 04:20,0
174778170,04/23/16 06:15,04/23/16 07:30,OVS,ZOV,9,14098,9,42098,04/23/16 06:15,04/23/16 08:00,0
174778166,04/23/16 08:20,04/23/16 09:25,ZOV,OVS,9,14098,9,14098,04/23/16 08:20,04/23/16 09:25,0
174778580,04/23/16 11:50,04/23/16 15:25,OVS,GKS,9,14098,9,85098,04/23/16 11:50,04/23/16 13:15,0
174773508,04/22/16 12:45,04/22/16 15:10,OVS,KMM,9,15098,9,15098,04/22/16 12:45,04/22/16 15:10,0
174773636,04/22/16 16:05,04/22/16 18:30,KMM,OVS,9,15098,9,15098,04/22/16 18:35,04/22/16 21:00,150
174774076,04/22/16 20:05,04/22/16 21:45,OVS,XIR,9,15098,9,46098,04/22/16 20:05,04/22/16 21:45,0
174774222,04/22/16 23:50,04/23/16 01:30,XIR,OVS,9,15098,9,15098,04/22/16 23:50,04/23/16 01:30,0
174777744,04/23/16 03:45,04/23/16 05:20,OVS,NZK,9,15098,9,14098,04/23/16 03:45,04/23/16 05:20,0
174777868,04/23/16 06:05,04/23/16 07:35,NZK,OVS,9,15098,9,15098,04/23/16 06:05,04/23/16 07:35,0
174777388,04/23/16 10:50,04/23/16 12:15,OVS,QSM,9,15098,9,15098,04/23/16 10:50,04/23/16 12:20,0
174777394,04/23/16 13:30,04/23/16 15:00,QSM,OVS,9,15098,9,15098,04/23/16 13:30,04/23/16 15:00,0
174774246,04/22/16 11:05,04/22/16 12:45,OVS,FUK,9,16098,9,16098,04/22/16 11:05,04/22/16 12:45,0
174774376,04/22/16 14:25,04/22/16 16:05,FUK,OVS,9,16098,9,16098,04/22/16 14:25,04/22/16 16:05,0
174773642,04/22/16 21:10,04/22/16 23:40,OVS,XKA,9,16098,9,16098,04/22/16 21:10,04/22/16 23:40,0
174778242,04/23/16 01:00,04/23/16 03:45,XKA,OVS,9,16098,9,16098,04/23/16 01:00,04/23/16 03:45,0
174778008,04/23/16 06:50,04/23/16 08:30,OVS,WTR,9,16098,9,64098,04/23/16 06:50,04/23/16 07:45,0
174778312,04/23/16 09:30,04/23/16 11:05,WTR,OVS,9,16098,9,16098,04/23/16 09:30,04/23/16 11:05,0
174778328,04/23/16 13:55,04/23/16 15:30,OVS,WTR,9,16098,9,16098,04/23/16 13:55,04/23/16 15:30,0
174773328,04/22/16 13:10,04/22/16 14:35,QSM,OVS,9,23098,9,23098,04/22/16 13:10,04/22/16 14:35,0
174773739,04/22/16 15:10,04/22/16 16:50,OVS,LLT,9,23098,9,23098,04/22/16 15:10,04/22/16 16:50,0
174773751,04/22/16 17:40,04/22/16 19:15,LLT,OVS,9,23098,9,23098,04/22/16 19:25,04/22/16 21:00,105
174778566,04/23/16 05:10,04/23/16 07:10,OVS,HRA,9,23098,9,41098,04/23/16 05:10,04/23/16 06:45,0
174777392,04/23/16 08:10,04/23/16 10:00,HRA,OVS,9,23098,9,23098,04/23/16 08:10,04/23/16 10:00,0
174778342,04/23/16 11:10,04/23/16 12:50,OVS,FUK,9,23098,9,26098,04/23/16 11:10,04/23/16 13:15,0
174778466,04/23/16 13:50,04/23/16 15:30,FUK,OVS,9,23098,9,23098,04/23/16 13:50,04/23/16 15:30,0
174774116,04/22/16 12:45,04/22/16 14:10,XIR,OVS,9,26098,9,26098,04/22/16 12:45,04/22/16 14:10,0
174774132,04/22/16 16:05,04/22/16 17:40,OVS,XIR,9,26098,9,26098,04/22/16 16:05,04/22/16 17:40,0
174774144,04/22/16 18:30,04/22/16 20:00,XIR,OVS,9,26098,9,26098,04/22/16 19:30,04/22/16 21:00,60
174777448,04/23/16 04:00,04/23/16 06:00,OVS,EEP,9,26098,9,23098,04/23/16 04:00,04/23/16 05:35,0
174777456,04/23/16 07:00,04/23/16 09:05,EEP,OVS,9,26098,9,26098,04/23/16 07:00,04/23/16 09:05,0
174777600,04/23/16 10:15,04/23/16 11:55,OVS,XIR,9,26098,9,85098,04/23/16 10:15,04/23/16 11:35,0
174778198,04/23/16 12:45,04/23/16 14:20,XIR,OVS,9,26098,9,26098,04/23/16 12:45,04/23/16 14:20,0
174773596,04/22/16 14:00,04/22/16 16:05,VOR,OVS,9,32098,9,32098,04/22/16 14:00,04/22/16 16:05,0
174777926,04/23/16 04:20,04/23/16 06:35,OVS,WTS,9,32098,9,26098,04/23/16 04:20,04/23/16 05:50,0
174778026,04/23/16 07:30,04/23/16 09:40,WTS,OVS,9,32098,9,32098,04/23/16 07:30,04/23/16 09:40,0
174777498,04/23/16 10:55,04/23/16 13:40,OVS,SRD,9,32098,9,64098,04/23/16 10:55,04/23/16 12:35,0
174777802,04/23/16 14:30,04/23/16 17:00,SRD,OVS,9,32098,9,32098,04/23/16 14:30,04/23/16 17:00,0
174773428,04/22/16 11:20,04/22/16 14:00,OVS,SRD,9,36098,9,36098,04/22/16 11:20,04/22/16 14:00,0
174773733,04/22/16 14:30,04/22/16 16:55,SRD,OVS,9,36098,9,36098,04/22/16 14:30,04/22/16 16:55,0
174774150,04/22/16 16:15,04/22/16 18:00,OVS,LEH,9,41098,9,41098,04/22/16 16:15,04/22/16 18:00,0
174774124,04/22/16 18:50,04/22/16 20:25,LEH,OVS,9,41098,9,41098,04/22/16 19:25,04/22/16 21:00,35
174777506,04/23/16 06:45,04/23/16 08:25,OVS,FUK,9,41098,9,44098,04/23/16 06:45,04/23/16 08:40,0
174777482,04/23/16 09:20,04/23/16 11:05,FUK,OVS,9,41098,9,41098,04/23/16 09:20,04/23/16 11:05,0
174777574,04/23/16 12:10,04/23/16 14:40,OVS,KMM,9,41098,9,23098,04/23/16 12:10,04/23/16 14:00,0
174773332,04/22/16 21:10,04/22/16 22:55,OVS,HRA,9,42098,9,42098,04/22/16 21:10,04/22/16 22:55,0
174774330,04/22/16 23:55,04/23/16 01:40,HRA,OVS,9,42098,9,42098,04/22/16 23:55,04/23/16 01:40,0
174778364,04/23/16 07:20,04/23/16 10:25,OVS,GAZ,9,42098,9,16098,04/23/16 07:20,04/23/16 10:05,0
174778068,04/23/16 11:20,04/23/16 14:10,GAZ,OVS,9,42098,9,42098,04/23/16 11:20,04/23/16 14:10,0
174774494,04/22/16 11:45,04/22/16 15:30,OVS,GKS,9,44098,9,44098,04/22/16 11:45,04/22/16 15:30,0
174774298,04/22/16 16:25,04/22/16 19:50,GKS,OVS,9,44098,9,44098,04/22/16 17:35,04/22/16 21:00,70
174774204,04/22/16 21:05,04/22/16 23:00,OVS,VOR,9,44098,9,75098,04/22/16 21:05,04/22/16 23:00,0
174773919,04/22/16 23:55,04/23/16 01:50,VOR,OVS,9,44098,9,44098,04/22/16 23:55,04/23/16 01:50,0
174777510,04/23/16 03:00,04/23/16 04:10,OVS,JOG,9,44098,9,15098,04/23/16 03:00,04/23/16 05:25,0
174777674,04/23/16 05:00,04/23/16 06:00,JOG,OVS,9,44098,9,44098,04/23/16 05:00,04/23/16 06:00,0
174777464,04/23/16 07:10,04/23/16 08:20,OVS,JOG,9,44098,9,46098,04/23/16 07:10,04/23/16 09:25,0
174777480,04/23/16 09:10,04/23/16 10:15,JOG,OVS,9,44098,9,44098,04/23/16 09:10,04/23/16 10:15,0
174777458,04/23/16 11:20,04/23/16 14:05,OVS,MJT,9,44098,9,14098,04/23/16 11:20,04/23/16 12:25,0
174773921,04/22/16 12:00,04/22/16 13:20,OVS,JOG,9,46098,9,46098,04/22/16 12:00,04/22/16 13:20,0
174774356,04/22/16 14:30,04/22/16 15:35,JOG,OVS,9,46098,9,46098,04/22/16 14:30,04/22/16 15:35,0
174773536,04/22/16 21:50,04/23/16 00:05,OVS,FQM,9,46098,9,64098,04/22/16 21:50,04/23/16 00:40,0
174777432,04/23/16 01:05,04/23/16 03:20,FQM,OVS,9,46098,9,46098,04/23/16 01:05,04/23/16 03:20,0
174777646,04/23/16 05:00,04/23/16 06:45,OVS,FUK,9,46098,9,51098,04/23/16 05:00,04/23/16 06:35,0
174777644,04/23/16 08:10,04/23/16 09:50,FUK,OVS,9,46098,9,46098,04/23/16 08:10,04/23/16 09:50,0
174777992,04/23/16 12:00,04/23/16 13:20,OVS,JOG,9,46098,9,46098,04/23/16 12:00,04/23/16 13:40,0
174778446,04/23/16 14:30,04/23/16 15:35,JOG,OVS,9,46098,9,46098,04/23/16 14:30,04/23/16 15:35,0
174773996,04/22/16 11:45,04/22/16 14:25,GAZ,OVS,9,51098,9,51098,04/22/16 11:45,04/22/16 14:25,0
174773893,04/22/16 15:40,04/22/16 17:15,OVS,NZK,9,51098,9,51098,04/22/16 15:40,04/22/16 17:15,0
174773887,04/22/16 18:35,04/22/16 20:10,NZK,OVS,9,51098,9,51098,04/22/16 19:25,04/22/16 21:00,50
174774230,04/22/16 22:20,04/23/16 00:15,OVS,AFU,9,51098,9,85098,04/22/16 22:20,04/23/16 00:10,0
174777664,04/23/16 01:05,04/23/16 03:05,AFU,OVS,9,51098,9,51098,04/23/16 01:05,04/23/16 03:05,0
174777680,04/23/16 06:55,04/23/16 10:10,OVS,PTO,9,51098,9,51098,04/23/16 06:55,04/23/16 08:55,0
174777518,04/23/16 11:10,04/23/16 14:10,PTO,OVS,9,51098,9,51098,04/23/16 11:10,04/23/16 14:10,0
174773388,04/22/16 11:15,04/22/16 13:55,OVS,MJT,9,64098,9,64098,04/22/16 11:15,04/22/16 13:55,0
174773380,04/22/16 15:10,04/22/16 18:00,MJT,OVS,9,64098,9,64098,04/22/16 18:10,04/22/16 21:00,180
174773432,04/22/16 20:50,04/22/16 22:00,OVS,JOG,9,64098,9,36098,04/22/16 20:50,04/22/16 22:00,0
174778458,04/23/16 02:05,04/23/16 03:00,JOG,OVS,9,64098,9,64098,04/23/16 02:05,04/23/16 03:00,0
174778176,04/23/16 04:15,04/23/16 06:00,OVS,CBN,9,64098,9,44098,04/23/16 04:15,04/23/16 07:40,0
174778180,04/23/16 07:05,04/23/16 08:45,CBN,OVS,9,64098,9,64098,04/23/16 07:05,04/23/16 08:45,0
174777656,04/23/16 10:20,04/23/16 12:20,OVS,VOR,9,64098,9,44098,04/23/16 10:20,04/23/16 11:20,0
174777662,04/23/16 13:25,04/23/16 15:20,VOR,OVS,9,64098,9,64098,04/23/16 13:25,04/23/16 15:20,0
174774238,04/22/16 11:15,04/22/16 13:15,OVS,AFU,9,75098,9,75098,04/22/16 11:15,04/22/16 13:15,0
174774386,04/22/16 14:15,04/22/16 16:15,AFU,OVS,9,75098,9,75098,04/22/16 14:15,04/22/16 16:15,0
174778064,04/23/16 07:40,04/23/16 09:30,OVS,LEH,9,82098,9,14098,04/23/16 07:40,04/23/16 08:45,0
174778492,04/23/16 10:25,04/23/16 12:05,LEH,OVS,9,82098,9,82098,04/23/16 10:25,04/23/16 12:05,0
174778550,04/23/16 13:30,04/23/16 15:20,OVS,HRA,9,82098,9,44098,04/23/16 13:30,04/23/16 14:35,0
174774466,04/22/16 13:30,04/22/16 15:15,OVS,HRA,9,85098,9,85098,04/22/16 13:30,04/22/16 15:15,0
174774314,04/22/16 16:20,04/22/16 18:10,HRA,OVS,9,85098,9,85098,04/22/16 19:10,04/22/16 21:00,170
174774048,04/22/16 19:45,04/22/16 21:15,OVS,QSM,9,85098,9,32098,04/22/16 19:45,04/22/16 21:15,0
174778414,04/23/16 03:15,04/23/16 04:35,QSM,OVS,9,85098,9,85098,04/23/16 03:15,04/23/16 04:35,0
174778222,04/23/16 05:45,04/23/16 07:20,OVS,ONV,9,85098,9,15098,04/23/16 05:45,04/23/16 07:25,0
174777722,04/23/16 08:15,04/23/16 09:40,ONV,OVS,9,85098,9,85098,04/23/16 08:15,04/23/16 09:40,0
174778136,04/23/16 11:45,04/23/16 13:35,OVS,CBN,9,85098,9,32098,04/23/16 11:45,04/23/16 13:55,0
174778132,04/23/16 14:40,04/23/16 16:25,CBN,OVS,9,85098,9,85098,04/23/16 14:40,04/23/16 16:25,0
174773927,04/22/16 12:00,04/22/16 14:50,GEB,OVS,73H,DCBPV,73H,DCBPV,04/22/16 12:00,04/22/16 14:50,0
174777440,04/23/16 04:40,04/23/16 07:05,OVS,REA,73H,DCBPV,73H,NOBPV,04/23/16 04:40,04/23/16 07:25,0
174778518,04/23/16 08:15,04/23/16 10:40,REA,OVS,73H,DCBPV,73H,DCBPV,04/23/16 08:15,04/23/16 10:40,0
174777732,04/23/16 12:20,04/23/16 18:20,OVS,LED,73H,DCBPV,73H,RRBPV,04/23/16 12:20,04/23/16 18:25,0
174773670,04/22/16 12:20,04/22/16 18:15,OVS,LED,73H,FCBPV,73H,FCBPV,04/22/16 12:20,04/22/16 18:15,0
174773807,04/22/16 19:35,04/23/16 02:05,LED,OVS,73H,FCBPV,73H,FCBPV,04/22/16 19:35,04/23/16 02:05,0
174778450,04/23/16 04:20,04/23/16 07:00,OVS,PIS,73H,FCBPV,73H,HRBPV,04/23/16 04:20,04/23/16 09:20,0
174778442,04/23/16 07:55,04/23/16 10:25,PIS,OVS,73H,FCBPV,73H,FCBPV,04/23/16 07:55,04/23/16 10:25,0
174773983,04/22/16 16:15,04/22/16 22:10,OVS,LED,73H,GCBPV,73H,GCBPV,04/22/16 16:15,04/22/16 22:10,0
174773821,04/22/16 23:25,04/23/16 05:50,LED,OVS,73H,GCBPV,73H,GCBPV,04/22/16 23:25,04/23/16 05:50,0
174777500,04/23/16 07:35,04/23/16 09:45,OVS,NRA,73H,GCBPV,73H,GCBPV,04/23/16 07:35,04/23/16 14:00,0
174777490,04/23/16 10:45,04/23/16 12:50,NRA,OVS,73H,GCBPV,73H,GCBPV,04/23/16 10:45,04/23/16 12:50,0
174774456,04/22/16 10:40,04/22/16 14:15,OCF,OVS,321,CDBPV,321,CDBPV,04/22/16 10:40,04/22/16 14:15,0
174773400,04/22/16 17:05,04/22/16 20:40,OVS,PXM,321,CDBPV,321,CDBPV,04/22/16 17:05,04/22/16 20:40,0
174773588,04/22/16 22:40,04/23/16 02:00,PXM,OVS,321,CDBPV,321,CDBPV,04/22/16 22:40,04/23/16 02:00,0
174778218,04/23/16 04:05,04/23/16 08:20,OVS,VLT,321,CDBPV,321,RQBPV,04/23/16 04:05,04/23/16 05:55,0
174778536,04/23/16 09:35,04/23/16 13:40,VLT,OVS,321,CDBPV,321,CDBPV,04/23/16 09:35,04/23/16 13:40,0
174774496,04/22/16 16:15,04/23/16 01:40,OVS,NAC,3KR,DDBPV,3KR,DDBPV,04/22/16 16:15,04/23/16 01:40,0
174778572,04/23/16 03:10,04/23/16 13:35,NAC,OVS,3KR,DDBPV,3KR,DDBPV,04/23/16 03:10,04/23/16 13:35,0
174773514,04/22/16 09:10,04/22/16 16:40,OVS,SFT,3KR,EDBPV,3KR,EDBPV,04/22/16 09:10,04/22/16 16:40,0
174773336,04/22/16 18:30,04/23/16 01:10,SFT,OVS,3KR,EDBPV,3KR,EDBPV,04/22/16 18:30,04/23/16 01:10,0
174777580,04/23/16 09:15,04/23/16 16:30,OVS,SFT,3KR,EDBPV,3KR,YMBQV,04/23/16 09:15,04/23/16 16:30,0
174773632,04/22/16 17:20,04/22/16 21:10,OVS,YEB,320,KDBPV,320,KDBPV,04/22/16 17:20,04/22/16 21:10,0
174773640,04/22/16 22:10,04/23/16 01:55,YEB,OVS,320,KDBPV,320,KDBPV,04/22/16 22:10,04/23/16 01:55,0
174778564,04/23/16 06:45,04/23/16 10:10,OVS,VIT,320,KDBPV,320,YABQV,04/23/16 06:45,04/23/16 10:55,0
174778590,04/23/16 11:10,04/23/16 14:30,VIT,OVS,320,KDBPV,320,KDBPV,04/23/16 11:10,04/23/16 14:30,0
174774344,04/22/16 13:45,04/22/16 21:55,OVS,CKP,77W,BGBPV,77W,BGBPV,04/22/16 13:45,04/22/16 21:55,0
174778194,04/23/16 00:45,04/23/16 09:20,CKP,OVS,77W,BGBPV,77W,BGBPV,04/23/16 00:45,04/23/16 09:20,0
174777910,04/23/16 14:10,04/23/16 22:20,OVS,SUU,77W,BGBPV,77W,BGBPV,04/23/16 14:10,04/23/16 22:45,0
174773843,04/22/16 14:10,04/22/16 22:25,OVS,SUU,77W,CGBPV,77W,CGBPV,04/22/16 14:10,04/22/16 22:25,0
174777904,04/23/16 01:10,04/23/16 09:55,SUU,OVS,77W,CGBPV,77W,CGBPV,04/23/16 01:10,04/23/16 09:55,0
174777534,04/23/16 13:15,04/23/16 21:20,OVS,OVV,77W,CGBPV,77W,GQBQV,04/23/16 13:15,04/23/16 21:50,0
174773352,04/22/16 03:30,04/22/16 13:15,GKH,OVS,77W,DGBPV,77W,DGBPV,04/22/16 03:30,04/22/16 13:15,0
174773527,04/22/16 17:55,04/23/16 01:20,OVS,VHK,77W,DGBPV,77W,DGBPV,04/22/16 17:55,04/23/16 01:20,0
174777720,04/23/16 03:30,04/23/16 11:15,VHK,OVS,77W,DGBPV,77W,DGBPV,04/23/16 03:30,04/23/16 11:15,0
174778436,04/23/16 13:45,04/23/16 21:55,OVS,CKP,77W,DGBPV,77W,EQBQV,04/23/16 13:45,04/23/16 22:50,0
174774110,04/22/16 10:50,04/22/16 15:20,ALA,OVS,320,DIBPV,320,DIBPV,04/22/16 10:50,04/22/16 15:20,0
174773488,04/22/16 17:45,04/22/16 19:20,OVS,ONV,320,DIBPV,320,DIBPV,04/22/16 17:45,04/22/16 19:20,0
174777706,04/23/16 02:10,04/23/16 03:35,ONV,OVS,320,DIBPV,320,DIBPV,04/23/16 02:10,04/23/16 03:35,0
174778474,04/23/16 07:10,04/23/16 11:10,OVS,GDC,320,DIBPV,320,MCBQV,04/23/16 07:10,04/23/16 10:15,0
174778488,04/23/16 12:00,04/23/16 15:35,GDC,OVS,320,DIBPV,320,DIBPV,04/23/16 12:00,04/23/16 15:35,0
174773811,04/22/16 11:55,04/22/16 14:05,OVS,QAA,32A,AJBPV,32A,AJBPV,04/22/16 11:55,04/22/16 14:05,0
174774000,04/22/16 15:05,04/22/16 17:15,QAA,OVS,32A,AJBPV,32A,AJBPV,04/22/16 15:05,04/22/16 17:15,0
174773320,04/22/16 22:00,04/23/16 00:40,OVS,PIS,32A,AJBPV,32A,WPBQV,04/22/16 22:00,04/23/16 00:20,0
174778412,04/23/16 01:30,04/23/16 04:05,PIS,OVS,32A,AJBPV,32A,AJBPV,04/23/16 01:30,04/23/16 04:05,0
174778268,04/23/16 07:20,04/23/16 10:00,OVS,DUB,32A,AJBPV,32A,HLBPV,04/23/16 07:20,04/23/16 11:05,0
174778128,04/23/16 10:55,04/23/16 13:25,DUB,OVS,32A,AJBPV,32A,AJBPV,04/23/16 10:55,04/23/16 13:25,0
174774498,04/22/16 11:45,04/22/16 13:50,OVS,RRK,32A,YJBPV,32A,YJBPV,04/22/16 11:45,04/22/16 13:50,0
174774484,04/22/16 15:05,04/22/16 17:15,RRK,OVS,32A,YJBPV,32A,YJBPV,04/22/16 15:05,04/22/16 17:15,0
174773853,04/22/16 18:50,04/22/16 21:55,OVS,CGS,32A,YJBPV,32A,ESBQV,04/22/16 18:50,04/22/16 21:55,0
174773700,04/22/16 23:15,04/23/16 02:35,CGS,OVS,32A,YJBPV,32A,YJBPV,04/22/16 23:15,04/23/16 02:35,0
174778380,04/23/16 04:05,04/23/16 06:30,OVS,KEC,32A,YJBPV,32A,JSBQV,04/23/16 04:05,04/23/16 07:00,0
174778512,04/23/16 07:20,04/23/16 09:45,KEC,OVS,32A,YJBPV,32A,YJBPV,04/23/16 07:20,04/23/16 09:45,0
174777404,04/23/16 11:00,04/23/16 13:00,OVS,DGK,32A,YJBPV,32A,USBQV,04/23/16 11:00,04/23/16 12:35,0
174777428,04/23/16 13:55,04/23/16 15:45,DGK,OVS,32A,YJBPV,32A,YJBPV,04/23/16 13:55,04/23/16 15:45,0
174774406,04/22/16 11:55,04/22/16 14:50,OVS,GRP,320,CKBPV,320,CKBPV,04/22/16 11:55,04/22/16 14:50,0
174774412,04/22/16 15:50,04/22/16 18:10,GRP,OVS,320,CKBPV,320,CKBPV,04/22/16 18:40,04/22/16 21:00,170
174773877,04/22/16 19:25,04/22/16 21:30,OVS,AFU,320,CKBPV,320,PZBPV,04/22/16 19:25,04/22/16 21:30,0
174777678,04/23/16 03:30,04/23/16 05:40,AFU,OVS,320,CKBPV,320,CKBPV,04/23/16 03:30,04/23/16 05:40,0
174777752,04/23/16 08:10,04/23/16 11:45,OVS,PXM,320,CKBPV,320,QZBPV,04/23/16 08:10,04/23/16 10:00,0
174777552,04/23/16 12:45,04/23/16 16:10,PXM,OVS,320,CKBPV,320,CKBPV,04/23/16 12:45,04/23/16 16:10,0
174773452,04/22/16 11:10,04/22/16 14:10,PTO,OVS,320,XKBPV,320,XKBPV,04/22/16 11:10,04/22/16 14:10,0
174774018,04/22/16 15:10,04/22/16 18:50,OVS,AVG,320,XKBPV,320,XKBPV,04/22/16 15:10,04/22/16 18:50,0
174774040,04/22/16 19:50,04/22/16 23:15,AVG,OVS,320,XKBPV,320,XKBPV,04/22/16 19:50,04/22/16 23:15,0
174778230,04/23/16 07:10,04/23/16 10:15,OVS,DYG,320,XKBPV,320,CBBQV,04/23/16 07:10,04/23/16 11:35,0
174777870,04/23/16 11:15,04/23/16 14:25,DYG,OVS,320,XKBPV,320,XKBPV,04/23/16 11:15,04/23/16 14:25,0
174777516,04/23/16 05:35,04/23/16 07:00,OVS,QSM,320,YKBPV,320,BBBQV,04/23/16 05:35,04/23/16 09:05,0
174778358,04/23/16 07:55,04/23/16 09:15,QSM,OVS,320,YKBPV,320,YKBPV,04/23/16 07:55,04/23/16 09:15,0
174777890,04/23/16 10:45,04/23/16 13:05,OVS,VRM,320,YKBPV,320,RIBQV,04/23/16 10:45,04/23/16 15:00,0
174777390,04/23/16 14:30,04/23/16 16:55,VRM,OVS,320,YKBPV,320,YKBPV,04/23/16 14:30,04/23/16 16:55,0
174774250,04/22/16 11:10,04/22/16 13:35,OVS,KEC,32A,HLBPV,32A,HLBPV,04/22/16 11:10,04/22/16 13:35,0
174774138,04/22/16 14:40,04/22/16 17:00,KEC,OVS,32A,HLBPV,32A,HLBPV,04/22/16 14:40,04/22/16 17:00,0
174773907,04/22/16 19:25,04/22/16 23:05,OVS,FGK,32A,HLBPV,32A,YJBPV,04/22/16 19:25,04/22/16 23:05,0
174777962,04/23/16 00:10,04/23/16 03:55,FGK,OVS,32A,HLBPV,32A,HLBPV,04/23/16 00:10,04/23/16 03:55,0
174777936,04/23/16 05:25,04/23/16 07:40,OVS,QAA,32A,HLBPV,32A,LSBQV,04/23/16 05:25,04/23/16 07:35,0
174777934,04/23/16 08:30,04/23/16 10:40,QAA,OVS,32A,HLBPV,32A,HLBPV,04/23/16 08:30,04/23/16 10:40,0
174778584,04/23/16 11:40,04/23/16 14:00,OVS,RRK,32A,HLBPV,32A,YJBPV,04/23/16 11:40,04/23/16 14:05,0
174773426,04/22/16 13:35,04/22/16 15:25,OVS,DGK,32A,LLBPV,32A,LLBPV,04/22/16 13:35,04/22/16 15:25,0
174773408,04/22/16 16:30,04/22/16 18:05,DGK,OVS,32A,LLBPV,32A,LLBPV,04/22/16 19:25,04/22/16 21:00,175
174773741,04/22/16 19:25,04/22/16 22:45,OVS,SMO,32A,LLBPV,32A,HLBPV,04/22/16 19:25,04/22/16 22:45,0
174773610,04/22/16 23:50,04/23/16 03:15,SMO,OVS,32A,LLBPV,32A,LLBPV,04/22/16 23:50,04/23/16 03:15,0
174777688,04/23/16 04:30,04/23/16 07:30,OVS,VIK,32A,LLBPV,32A,PLBPV,04/23/16 04:30,04/23/16 07:00,0
174777686,04/23/16 08:30,04/23/16 11:25,VIK,OVS,32A,LLBPV,32A,LLBPV,04/23/16 08:30,04/23/16 11:25,0
174777832,04/23/16 12:45,04/23/16 14:50,OVS,NER,32A,LLBPV,32A,JSBQV,04/23/16 12:45,04/23/16 15:00,0
174773414,04/22/16 12:05,04/22/16 14:55,JAH,OVS,32A,PLBPV,32A,PLBPV,04/22/16 12:05,04/22/16 14:55,0
174774168,04/22/16 16:20,04/22/16 19:05,OVS,GRP,32A,PLBPV,32A,PLBPV,04/22/16 16:20,04/22/16 19:05,0
174774188,04/22/16 23:00,04/23/16 01:30,GRP,OVS,32A,PLBPV,32A,PLBPV,04/22/16 23:00,04/23/16 01:30,0
174777488,04/23/16 03:20,04/23/16 06:00,OVS,PIS,32A,PLBPV,32A,LNBPV,04/23/16 03:20,04/23/16 05:50,0
174777782,04/23/16 06:50,04/23/16 09:25,PIS,OVS,32A,PLBPV,32A,PLBPV,04/23/16 06:50,04/23/16 09:25,0
174777984,04/23/16 10:35,04/23/16 13:15,OVS,PIS,32A,PLBPV,32A,VPBQV,04/23/16 10:35,04/23/16 13:40,0
174777976,04/23/16 14:10,04/23/16 16:45,PIS,OVS,32A,PLBPV,32A,PLBPV,04/23/16 14:10,04/23/16 16:45,0
174774226,04/22/16 14:25,04/22/16 16:05,OVS,FUK,32A,RLBPV,32A,RLBPV,04/22/16 14:25,04/22/16 16:05,0
174773592,04/22/16 17:05,04/22/16 18:40,FUK,OVS,32A,RLBPV,32A,RLBPV,04/22/16 19:25,04/22/16 21:00,140
174773735,04/22/16 21:35,04/23/16 00:50,OVS,SMO,32A,RLBPV,32A,UPBQV,04/22/16 21:45,04/23/16 00:20,10
174777486,04/23/16 02:10,04/23/16 05:35,SMO,OVS,32A,RLBPV,32A,RLBPV,04/23/16 02:10,04/23/16 05:35,0
174777866,04/23/16 06:40,04/23/16 08:55,OVS,VRM,32A,RLBPV,32A,HSBQV,04/23/16 06:40,04/23/16 09:25,0
174777750,04/23/16 10:00,04/23/16 12:20,VRM,OVS,32A,RLBPV,32A,RLBPV,04/23/16 10:00,04/23/16 12:20,0
174777496,04/23/16 13:35,04/23/16 15:30,OVS,DGK,32A,RLBPV,32A,ITBPV,04/23/16 13:35,04/23/16 16:15,0
174778288,04/23/16 04:10,04/23/16 16:35,OVS,VAH,332,XLBPV,332,XLBPV,04/23/16 04:10,04/23/16 16:35,0
174774200,04/22/16 04:10,04/22/16 17:10,OVS,VAH,332,YLBPV,332,YLBPV,04/22/16 04:10,04/22/16 17:10,0
174773755,04/22/16 18:25,04/23/16 06:00,VAH,OVS,332,YLBPV,332,YLBPV,04/22/16 18:25,04/23/16 06:00,0
174778398,04/23/16 09:10,04/23/16 21:45,OVS,XAL,332,YLBPV,332,YLBPV,04/23/16 09:10,04/23/16 20:45,0
174774088,04/22/16 10:10,04/22/16 12:40,MAH,OVS,320,EMBPV,320,EMBPV,04/22/16 10:10,04/22/16 12:40,0
174773785,04/22/16 18:05,04/22/16 20:30,OVS,VRM,320,EMBPV,320,EWBPV,04/22/16 18:05,04/22/16 20:30,0
174773630,04/22/16 23:50,04/23/16 02:15,VRM,OVS,320,EMBPV,320,EMBPV,04/22/16 23:50,04/23/16 02:15,0
174777524,04/23/16 05:50,04/23/16 08:10,OVS,XVS,320,EMBPV,320,ZABQV,04/23/16 05:50,04/23/16 09:25,0
174777544,04/23/16 09:05,04/23/16 11:35,XVS,OVS,320,EMBPV,320,EMBPV,04/23/16 09:05,04/23/16 11:35,0
174777454,04/23/16 12:35,04/23/16 16:00,OVS,ARF,320,EMBPV,320,EWBPV,04/23/16 12:35,04/23/16 15:10,0
174773899,04/22/16 12:10,04/22/16 14:30,FXS,OVS,320,FMBPV,320,FMBPV,04/22/16 12:10,04/22/16 14:30,0
174774272,04/22/16 17:00,04/22/16 20:20,OVS,ECV,320,FMBPV,320,FMBPV,04/22/16 17:00,04/22/16 20:20,0
174774276,04/22/16 21:55,04/23/16 01:00,ECV,OVS,320,FMBPV,320,FMBPV,04/22/16 21:55,04/23/16 01:00,0
174778432,04/23/16 04:30,04/23/16 06:40,OVS,FSA,320,FMBPV,320,LHBQV,04/23/16 04:30,04/23/16 06:45,0
174778440,04/23/16 07:40,04/23/16 09:55,FSA,OVS,320,FMBPV,320,FMBPV,04/23/16 07:40,04/23/16 09:55,0
174778508,04/23/16 11:30,04/23/16 15:40,OVS,REH,320,FMBPV,320,BBBQV,04/23/16 11:30,04/23/16 13:55,0
174773517,04/22/16 11:40,04/22/16 14:20,LSO,OVS,32A,LNBPV,32A,LNBPV,04/22/16 11:40,04/22/16 14:20,0
174773626,04/22/16 15:25,04/22/16 18:05,OVS,LSO,32A,LNBPV,32A,LNBPV,04/22/16 15:25,04/22/16 18:05,0
174773897,04/22/16 18:55,04/22/16 21:25,LSO,OVS,32A,LNBPV,32A,LNBPV,04/22/16 18:55,04/22/16 21:25,0
174773845,04/22/16 22:45,04/23/16 01:50,OVS,CGS,32A,LNBPV,32A,LSBQV,04/22/16 22:45,04/23/16 01:20,0
174778036,04/23/16 03:00,04/23/16 06:15,CGS,OVS,32A,LNBPV,32A,LNBPV,04/23/16 03:00,04/23/16 06:15,0
174778144,04/23/16 08:40,04/23/16 10:00,OVS,DEL,32A,LNBPV,32A,VRBQV,04/23/16 08:40,04/23/16 11:30,0
174777982,04/23/16 10:50,04/23/16 12:10,DEL,OVS,32A,LNBPV,32A,LNBPV,04/23/16 10:50,04/23/16 12:10,0
174778426,04/23/16 14:20,04/23/16 17:00,OVS,PIS,32A,LNBPV,32A,LNBPV,04/23/16 14:20,04/23/16 15:40,0
174773728,04/22/16 10:15,04/22/16 14:30,URF,OVS,32A,TNBPV,32A,TNBPV,04/22/16 10:15,04/22/16 14:30,0
174773939,04/22/16 17:10,04/22/16 19:55,OVS,FXS,32A,TNBPV,32A,TNBPV,04/22/16 17:10,04/22/16 19:55,0
174774058,04/22/16 22:30,04/23/16 01:05,FXS,OVS,32A,TNBPV,32A,TNBPV,04/22/16 22:30,04/23/16 01:05,0
174777618,04/23/16 03:05,04/23/16 04:25,OVS,DEL,32A,TNBPV,32A,USBQV,04/23/16 03:05,04/23/16 05:25,0
174777836,04/23/16 05:15,04/23/16 06:30,DEL,OVS,32A,TNBPV,32A,TNBPV,04/23/16 05:15,04/23/16 06:30,0
174777822,04/23/16 07:45,04/23/16 09:50,OVS,WAW,32A,TNBPV,32A,RLBPV,04/23/16 07:45,04/23/16 11:10,0
174777786,04/23/16 10:40,04/23/16 12:40,WAW,OVS,32A,TNBPV,32A,TNBPV,04/23/16 10:40,04/23/16 12:40,0
174778322,04/23/16 14:25,04/23/16 16:05,OVS,FUK,32A,TNBPV,32A,RLBPV,04/23/16 14:25,04/23/16 16:45,0
174774114,04/22/16 12:05,04/22/16 15:35,ECN,OVS,321,COBPV,321,COBPV,04/22/16 12:05,04/22/16 15:35,0
174774242,04/22/16 19:15,04/22/16 21:40,OVS,KEC,321,COBPV,321,COBPV,04/22/16 19:15,04/22/16 21:40,0
174778044,04/23/16 02:50,04/23/16 05:15,KEC,OVS,321,COBPV,321,COBPV,04/23/16 02:50,04/23/16 05:15,0
174777816,04/23/16 07:15,04/23/16 11:15,OVS,ECN,321,COBPV,321,NWBPV,04/23/16 07:15,04/23/16 11:45,0
174778196,04/23/16 12:15,04/23/16 15:55,ECN,OVS,321,COBPV,321,COBPV,04/23/16 12:15,04/23/16 15:55,0
174774194,04/22/16 13:25,04/22/16 14:40,DEL,OVS,321,EOBPV,321,EOBPV,04/22/16 13:25,04/22/16 14:40,0
174774336,04/22/16 16:45,04/22/16 18:10,OVS,DEL,321,EOBPV,321,EOBPV,04/22/16 16:45,04/22/16 18:10,0
174774312,04/22/16 19:00,04/22/16 20:20,DEL,OVS,321,EOBPV,321,EOBPV,04/22/16 19:40,04/22/16 21:00,40
174774476,04/22/16 11:25,04/22/16 15:30,BVO,OVS,73H,NOBPV,73H,NOBPV,04/22/16 11:25,04/22/16 15:30,0
174774072,04/22/16 17:10,04/22/16 20:05,OVS,GEB,73H,NOBPV,73H,NOBPV,04/22/16 17:10,04/22/16 20:05,0
174773917,04/22/16 22:50,04/23/16 01:35,GEB,OVS,73H,NOBPV,73H,NOBPV,04/22/16 22:50,04/23/16 01:35,0
174777968,04/23/16 05:15,04/23/16 10:35,OVS,BXD,73H,NOBPV,73H,FCBPV,04/23/16 05:15,04/23/16 11:45,0
174777528,04/23/16 11:35,04/23/16 17:10,BXD,OVS,73H,NOBPV,73H,NOBPV,04/23/16 11:35,04/23/16 17:10,0
174774394,04/22/16 15:05,04/22/16 17:15,OVS,NRA,320,PQBPV,320,PQBPV,04/22/16 15:05,04/22/16 17:15,0
174774380,04/22/16 18:05,04/22/16 20:10,NRA,OVS,320,PQBPV,320,PQBPV,04/22/16 18:55,04/22/16 21:00,50
174778374,04/23/16 13:30,04/23/16 14:50,OVS,DEL,320,PQBPV,320,EMBPV,04/23/16 13:30,04/23/16 16:00,0
174774450,04/22/16 09:45,04/22/16 14:00,VLT,OVS,321,RQBPV,321,RQBPV,04/22/16 09:45,04/22/16 14:00,0
174774468,04/22/16 15:15,04/22/16 17:15,OVS,DGK,321,RQBPV,321,RQBPV,04/22/16 15:15,04/22/16 17:15,0
174774454,04/22/16 18:10,04/22/16 20:00,DGK,OVS,321,RQBPV,321,RQBPV,04/22/16 19:10,04/22/16 21:00,60
174777948,04/23/16 04:35,04/23/16 07:55,OVS,SUD,321,RQBPV,321,PUBPV,04/23/16 04:35,04/23/16 07:00,0
174777638,04/23/16 08:45,04/23/16 11:55,SUD,OVS,321,RQBPV,321,RQBPV,04/23/16 08:45,04/23/16 11:55,0
174778576,04/23/16 13:25,04/23/16 16:15,OVS,NVE,321,RQBPV,321,IOBQV,04/23/16 13:25,04/23/16 14:40,0
174773730,04/22/16 10:55,04/22/16 13:55,ECV,OVS,320,UQBPV,320,UQBPV,04/22/16 10:55,04/22/16 13:55,0
174774502,04/22/16 17:10,04/22/16 19:50,OVS,EIV,320,UQBPV,320,UQBPV,04/22/16 17:10,04/22/16 19:50,0
174774474,04/22/16 22:30,04/23/16 01:05,EIV,OVS,320,UQBPV,320,UQBPV,04/22/16 22:30,04/23/16 01:05,0
174778098,04/23/16 03:50,04/23/16 06:10,OVS,XVS,320,UQBPV,320,SKBQV,04/23/16 03:50,04/23/16 05:45,0
174777412,04/23/16 07:00,04/23/16 09:30,XVS,OVS,320,UQBPV,320,UQBPV,04/23/16 07:00,04/23/16 09:30,0
174778304,04/23/16 11:00,04/23/16 12:25,OVS,DEL,320,UQBPV,320,VQBPV,04/23/16 11:00,04/23/16 15:10,0
174778282,04/23/16 13:25,04/23/16 14:45,DEL,OVS,320,UQBPV,320,UQBPV,04/23/16 13:25,04/23/16 14:45,0
174774382,04/22/16 11:25,04/22/16 14:40,OVS,SUD,320,VQBPV,320,VQBPV,04/22/16 11:25,04/22/16 14:40,0
174774364,04/22/16 16:05,04/22/16 19:00,SUD,OVS,320,VQBPV,320,VQBPV,04/22/16 18:05,04/22/16 21:00,120
174774210,04/22/16 22:20,04/23/16 02:20,OVS,FOT,320,VQBPV,320,XRBPV,04/22/16 22:20,04/23/16 00:05,0
174777444,04/23/16 03:20,04/23/16 07:30,FOT,OVS,320,VQBPV,320,VQBPV,04/23/16 03:20,04/23/16 07:30,0
174778080,04/23/16 11:05,04/23/16 15:05,OVS,ECN,320,VQBPV,320,ZRBPV,04/23/16 11:05,04/23/16 12:45,0
174774208,04/22/16 12:20,04/22/16 13:40,OVS,DEL,320,WQBPV,320,WQBPV,04/22/16 12:20,04/22/16 13:40,0
174774228,04/22/16 14:45,04/22/16 16:00,DEL,OVS,320,WQBPV,320,WQBPV,04/22/16 14:45,04/22/16 16:00,0
174773967,04/22/16 18:50,04/22/16 20:50,OVS,VOR,320,WQBPV,320,WIBQV,04/22/16 18:50,04/22/16 20:50,0
174778284,04/23/16 03:00,04/23/16 05:00,VOR,OVS,320,WQBPV,320,WQBPV,04/23/16 03:00,04/23/16 05:00,0
174778524,04/23/16 06:20,04/23/16 07:55,OVS,XIR,320,WQBPV,320,XRBPV,04/23/16 06:20,04/23/16 08:30,0
174777748,04/23/16 08:45,04/23/16 10:20,XIR,OVS,320,WQBPV,320,WQBPV,04/23/16 08:45,04/23/16 10:20,0
174778038,04/23/16 12:25,04/23/16 15:10,OVS,FXS,320,WQBPV,320,UKBQV,04/23/16 12:25,04/23/16 14:00,0
174773839,04/22/16 10:20,04/22/16 14:25,NCB,OVS,321,XQBPV,321,XQBPV,04/22/16 10:20,04/22/16 14:25,0
174773392,04/22/16 18:00,04/22/16 19:20,OVS,DEL,321,XQBPV,321,MHBQV,04/22/16 18:00,04/22/16 19:20,0
174777468,04/23/16 03:15,04/23/16 04:30,DEL,OVS,321,XQBPV,321,XQBPV,04/23/16 03:15,04/23/16 04:30,0
174778114,04/23/16 05:50,04/23/16 09:40,OVS,OCF,321,XQBPV,321,CDBPV,04/23/16 05:50,04/23/16 09:10,0
174778542,04/23/16 10:40,04/23/16 14:25,OCF,OVS,321,XQBPV,321,XQBPV,04/23/16 10:40,04/23/16 14:25,0
174773420,04/22/16 10:50,04/22/16 12:55,NRA,OVS,73H,FRBPV,73H,FRBPV,04/22/16 10:50,04/22/16 12:55,0
174773558,04/22/16 15:00,04/22/16 20:25,OVS,PGA,73H,FRBPV,73H,FRBPV,04/22/16 15:00,04/22/16 20:25,0
174773552,04/22/16 21:25,04/23/16 02:30,PGA,OVS,73H,FRBPV,73H,FRBPV,04/22/16 21:25,04/23/16 02:30,0
174778286,04/23/16 05:20,04/23/16 09:20,OVS,HTA,73H,FRBPV,73H,OVBQV,04/23/16 05:20,04/23/16 09:30,0
174778298,04/23/16 10:30,04/23/16 14:20,HTA,OVS,73H,FRBPV,73H,FRBPV,04/23/16 10:30,04/23/16 14:20,0
174774366,04/22/16 06:55,04/22/16 12:35,OVS,PGA,73H,HRBPV,73H,HRBPV,04/22/16 06:55,04/22/16 12:35,0
174774372,04/22/16 13:45,04/22/16 18:45,PGA,OVS,73H,HRBPV,73H,HRBPV,04/22/16 16:00,04/22/16 21:00,135
174777442,04/23/16 14:25,04/23/16 20:00,OVS,TKI,73H,HRBPV,73H,FCBPV,04/23/16 14:25,04/23/16 16:55,0
174773891,04/22/16 13:30,04/22/16 17:05,OCF,OVS,73H,RRBPV,73H,RRBPV,04/22/16 13:30,04/22/16 17:05,0
174773506,04/22/16 20:55,04/23/16 02:30,OVS,TKI,73H,RRBPV,73H,RRBPV,04/22/16 20:55,04/23/16 02:30,0
174778400,04/23/16 04:00,04/23/16 10:05,TKI,OVS,73H,RRBPV,73H,RRBPV,04/23/16 04:00,04/23/16 10:05,0
174778100,04/23/16 11:40,04/23/16 13:55,OVS,FSA,73H,RRBPV,73H,AWBQV,04/23/16 11:40,04/23/16 15:05,0
177411969,04/22/16 13:20,04/22/16 15:25,OVS,WAW,321,WRBPV,321,WRBPV,04/22/16 13:20,04/22/16 15:25,0
174774064,04/22/16 14:40,04/22/16 16:30,OVS,GOV,320,XRBPV,320,XRBPV,04/22/16 14:40,04/22/16 16:30,0
174773624,04/22/16 17:20,04/22/16 19:05,GOV,OVS,320,XRBPV,320,XRBPV,04/22/16 19:15,04/22/16 21:00,115
174774184,04/22/16 21:05,04/22/16 23:25,OVS,RRK,320,XRBPV,320,QZBPV,04/22/16 21:45,04/23/16 00:30,40
174778248,04/23/16 00:15,04/23/16 02:25,RRK,OVS,320,XRBPV,320,XRBPV,04/23/16 00:15,04/23/16 02:25,0
174777714,04/23/16 06:05,04/23/16 08:05,OVS,VOR,320,XRBPV,320,TIBQV,04/23/16 06:05,04/23/16 07:20,0
174778042,04/23/16 09:05,04/23/16 10:55,VOR,OVS,320,XRBPV,320,XRBPV,04/23/16 09:05,04/23/16 10:55,0
174777682,04/23/16 12:35,04/23/16 14:05,OVS,NZK,320,XRBPV,320,XRBPV,04/23/16 12:35,04/23/16 14:25,0
174774044,04/22/16 10:30,04/22/16 13:50,AVG,OVS,320,YRBPV,320,YRBPV,04/22/16 10:30,04/22/16 13:50,0
174774162,04/22/16 15:30,04/22/16 18:55,OVS,HRZ,320,YRBPV,320,YRBPV,04/22/16 15:30,04/22/16 18:55,0
174774180,04/22/16 20:35,04/22/16 23:45,HRZ,OVS,320,YRBPV,320,YRBPV,04/22/16 20:35,04/22/16 23:45,0
174778526,04/23/16 03:25,04/23/16 05:40,OVS,QAA,320,YRBPV,320,XABQV,04/23/16 03:25,04/23/16 07:10,0
174778104,04/23/16 06:35,04/23/16 08:40,QAA,OVS,320,YRBPV,320,YRBPV,04/23/16 06:35,04/23/16 08:40,0
174778314,04/23/16 10:25,04/23/16 15:00,OVS,NCB,320,YRBPV,320,CKBPV,04/23/16 10:25,04/23/16 12:35,0
174774278,04/22/16 13:30,04/22/16 14:45,OVS,DEL,320,ZRBPV,320,ZRBPV,04/22/16 13:30,04/22/16 14:45,0
174774290,04/22/16 15:45,04/22/16 17:00,DEL,OVS,320,ZRBPV,320,ZRBPV,04/22/16 15:45,04/22/16 17:00,0
174777898,04/23/16 03:35,04/23/16 05:15,OVS,FUK,320,ZRBPV,320,PQBPV,04/23/16 03:35,04/23/16 05:40,0
174777886,04/23/16 06:20,04/23/16 08:00,FUK,OVS,320,ZRBPV,320,ZRBPV,04/23/16 06:20,04/23/16 08:00,0
174778208,04/23/16 09:25,04/23/16 11:45,OVS,RRK,320,ZRBPV,320,DWBPV,04/23/16 09:25,04/23/16 13:55,0
174778204,04/23/16 12:45,04/23/16 15:00,RRK,OVS,320,ZRBPV,320,ZRBPV,04/23/16 12:45,04/23/16 15:00,0
174773366,04/22/16 12:55,04/22/16 15:10,OVS,REA,321,GTBPV,321,GTBPV,04/22/16 12:55,04/22/16 15:10,0
174773534,04/22/16 16:45,04/22/16 19:05,REA,OVS,321,GTBPV,321,GTBPV,04/22/16 18:40,04/22/16 21:00,115
174773988,04/22/16 20:50,04/23/16 00:15,OVS,EST,321,GTBPV,321,KHBQV,04/22/16 21:45,04/23/16 00:20,55
174777882,04/23/16 01:25,04/23/16 05:05,EST,OVS,321,GTBPV,321,GTBPV,04/23/16 01:25,04/23/16 05:05,0
174778148,04/23/16 07:35,04/23/16 10:15,OVS,PIS,321,GTBPV,321,GTBPV,04/23/16 07:35,04/23/16 11:15,0
174777746,04/23/16 11:55,04/23/16 14:35,PIS,OVS,321,GTBPV,321,GTBPV,04/23/16 11:55,04/23/16 14:35,0
174773827,04/22/16 11:45,04/22/16 15:25,TSI,OVS,32A,ITBPV,32A,ITBPV,04/22/16 11:45,04/22/16 15:25,0
174773521,04/22/16 18:00,04/22/16 20:45,OVS,PIS,32A,ITBPV,32A,TSBQV,04/22/16 18:00,04/22/16 20:45,0
174773638,04/22/16 23:25,04/23/16 02:00,PIS,OVS,32A,ITBPV,32A,ITBPV,04/22/16 23:25,04/23/16 02:00,0
174778164,04/23/16 05:10,04/23/16 07:50,OVS,PIS,32A,ITBPV,32A,ITBPV,04/23/16 05:10,04/23/16 07:45,0
174777994,04/23/16 09:00,04/23/16 11:40,PIS,OVS,32A,ITBPV,32A,ITBPV,04/23/16 09:00,04/23/16 11:40,0
174778078,04/23/16 13:45,04/23/16 16:00,OVS,VRM,32A,ITBPV,32A,LSBQV,04/23/16 13:45,04/23/16 15:35,0
174774416,04/22/16 16:25,04/22/16 20:25,OVS,RHL,321,LTBPV,321,LTBPV,04/22/16 16:25,04/22/16 20:25,0
174774462,04/22/16 21:45,04/23/16 01:25,RHL,OVS,321,LTBPV,321,LTBPV,04/22/16 21:45,04/23/16 01:25,0
174778500,04/23/16 05:55,04/23/16 08:25,OVS,REA,321,LTBPV,321,HOBQV,04/23/16 05:55,04/23/16 08:20,0
174778348,04/23/16 09:55,04/23/16 12:25,REA,OVS,321,LTBPV,321,LTBPV,04/23/16 09:55,04/23/16 12:25,0
174778316,04/23/16 14:15,04/23/16 15:35,OVS,DEL,321,LTBPV,321,MHBQV,04/23/16 14:15,04/23/16 15:30,0
174773684,04/22/16 11:45,04/22/16 14:25,PIS,OVS,321,RTBPV,321,RTBPV,04/22/16 11:45,04/22/16 14:25,0
174774234,04/22/16 15:20,04/22/16 16:40,OVS,DEL,321,MUBPV,321,MUBPV,04/22/16 15:20,04/22/16 16:40,0
174774322,04/22/16 17:35,04/22/16 18:50,DEL,OVS,321,MUBPV,321,MUBPV,04/22/16 19:45,04/22/16 21:00,130
174773574,04/22/16 21:30,04/22/16 23:00,OVS,NZK,321,MUBPV,321,HOBQV,04/22/16 21:45,04/23/16 02:00,15
174777648,04/23/16 02:00,04/23/16 03:30,NZK,OVS,321,MUBPV,321,MUBPV,04/23/16 02:00,04/23/16 03:30,0
174777784,04/23/16 06:25,04/23/16 09:45,OVS,ECV,321,MUBPV,321,EEBQV,04/23/16 06:25,04/23/16 07:40,0
174777798,04/23/16 10:55,04/23/16 14:05,ECV,OVS,321,MUBPV,321,MUBPV,04/23/16 10:55,04/23/16 14:05,0
174774052,04/22/16 11:15,04/22/16 13:45,DUB,OVS,321,PUBPV,321,PUBPV,04/22/16 11:15,04/22/16 13:45,0
174773668,04/22/16 15:00,04/22/16 17:40,OVS,DUB,321,PUBPV,321,PUBPV,04/22/16 15:00,04/22/16 17:40,0
174773662,04/22/16 18:30,04/22/16 20:55,DUB,OVS,321,PUBPV,321,PUBPV,04/22/16 18:35,04/22/16 21:00,5
174777558,04/23/16 04:10,04/23/16 05:30,OVS,DEL,321,PUBPV,321,FEBQV,04/23/16 04:10,04/23/16 07:10,0
174778592,04/23/16 06:25,04/23/16 07:40,DEL,OVS,321,PUBPV,321,PUBPV,04/23/16 06:25,04/23/16 07:40,0
174777622,04/23/16 09:35,04/23/16 12:05,OVS,REA,321,PUBPV,321,KHBQV,04/23/16 09:35,04/23/16 13:50,0
174777590,04/23/16 13:15,04/23/16 15:40,REA,OVS,321,PUBPV,321,PUBPV,04/23/16 13:15,04/23/16 15:40,0
174774010,04/22/16 12:50,04/22/16 15:05,OVS,XVS,320,DWBPV,320,DWBPV,04/22/16 12:50,04/22/16 15:05,0
174774036,04/22/16 16:00,04/22/16 18:20,XVS,OVS,320,DWBPV,320,DWBPV,04/22/16 18:40,04/22/16 21:00,160
174774178,04/22/16 19:30,04/22/16 23:50,OVS,ZON,320,DWBPV,320,CBBQV,04/22/16 19:30,04/22/16 23:50,0
174778356,04/23/16 00:55,04/23/16 05:25,ZON,OVS,320,DWBPV,320,DWBPV,04/23/16 00:55,04/23/16 05:25,0
174778020,04/23/16 06:35,04/23/16 09:20,OVS,FXS,320,DWBPV,320,LHBQV,04/23/16 06:35,04/23/16 08:40,0
174778184,04/23/16 10:10,04/23/16 12:45,FXS,OVS,320,DWBPV,320,DWBPV,04/23/16 10:10,04/23/16 12:45,0
174773769,04/22/16 12:00,04/22/16 15:00,ARF,OVS,320,EWBPV,320,EWBPV,04/22/16 12:00,04/22/16 15:00,0
174778028,04/23/16 04:40,04/23/16 07:25,OVS,GRP,320,EWBPV,320,XKBPV,04/23/16 04:40,04/23/16 08:05,0
174778016,04/23/16 08:15,04/23/16 10:50,GRP,OVS,320,EWBPV,320,EWBPV,04/23/16 08:15,04/23/16 10:50,0
174778498,04/23/16 12:00,04/23/16 14:50,OVS,GRP,320,EWBPV,320,PZBPV,04/23/16 12:00,04/23/16 13:35,0
174774390,04/22/16 11:05,04/22/16 15:15,OVS,GDC,320,FWBPV,320,FWBPV,04/22/16 11:05,04/22/16 15:15,0
174774224,04/22/16 16:10,04/22/16 19:45,GDC,OVS,320,FWBPV,320,FWBPV,04/22/16 17:25,04/22/16 21:00,75
174777788,04/23/16 05:05,04/23/16 09:10,OVS,URF,320,FWBPV,320,YRBPV,04/23/16 05:05,04/23/16 08:15,0
174777796,04/23/16 10:20,04/23/16 14:55,URF,OVS,320,FWBPV,320,FWBPV,04/23/16 10:20,04/23/16 14:55,0
174774220,04/22/16 14:15,04/22/16 15:30,OVS,DEL,321,NWBPV,321,NWBPV,04/22/16 14:15,04/22/16 15:30,0
174774248,04/22/16 16:30,04/22/16 17:45,DEL,OVS,321,NWBPV,321,NWBPV,04/22/16 16:30,04/22/16 17:45,0
174773434,04/22/16 19:05,04/22/16 23:15,OVS,URF,321,NWBPV,321,XQBPV,04/22/16 19:05,04/22/16 23:15,0
174777476,04/23/16 00:20,04/23/16 04:50,URF,OVS,321,NWBPV,321,NWBPV,04/23/16 00:20,04/23/16 04:50,0
174778574,04/23/16 06:20,04/23/16 09:05,OVS,EIV,321,NWBPV,321,GEBQV,04/23/16 06:20,04/23/16 08:45,0
174778506,04/23/16 10:05,04/23/16 12:40,EIV,OVS,321,NWBPV,321,NWBPV,04/23/16 10:05,04/23/16 12:40,0
174774470,04/22/16 10:00,04/22/16 14:10,OVS,VLT,321,OWBPV,321,OWBPV,04/22/16 10:00,04/22/16 14:10,0
174773346,04/22/16 15:40,04/22/16 19:45,VLT,OVS,321,OWBPV,321,OWBPV,04/22/16 16:55,04/22/16 21:00,75
174774340,04/22/16 22:10,04/23/16 02:25,OVS,VLT,321,OWBPV,321,GEBQV,04/22/16 22:10,04/23/16 01:20,0
174777596,04/23/16 03:55,04/23/16 08:05,VLT,OVS,321,OWBPV,321,OWBPV,04/23/16 03:55,04/23/16 08:05,0
174778236,04/23/16 09:20,04/23/16 13:50,OVS,NCB,321,OWBPV,321,MHBQV,04/23/16 09:20,04/23/16 11:45,0
174777576,04/23/16 14:50,04/23/16 19:05,NCB,OVS,321,OWBPV,321,OWBPV,04/23/16 14:50,04/23/16 19:05,0
174774206,04/22/16 10:20,04/22/16 14:10,HTA,OVS,73H,AZBPV,73H,AZBPV,04/22/16 10:20,04/22/16 14:10,0
174774428,04/22/16 15:40,04/22/16 21:15,OVS,BXD,73H,AZBPV,73H,AZBPV,04/22/16 15:40,04/22/16 21:15,0
174774022,04/22/16 22:25,04/23/16 03:50,BXD,OVS,73H,AZBPV,73H,AZBPV,04/22/16 22:25,04/23/16 03:50,0
174777740,04/23/16 05:45,04/23/16 09:25,OVS,TYA,73H,AZBPV,73H,PVBQV,04/23/16 05:45,04/23/16 10:30,0
174778006,04/23/16 10:25,04/23/16 14:00,TYA,OVS,73H,AZBPV,73H,AZBPV,04/23/16 10:25,04/23/16 14:00,0
174773372,04/22/16 14:25,04/22/16 20:00,OVS,TKI,73H,BZBPV,73H,BZBPV,04/22/16 14:25,04/22/16 20:00,0
174774442,04/22/16 21:30,04/23/16 03:30,TKI,OVS,73H,BZBPV,73H,BZBPV,04/22/16 21:30,04/23/16 03:30,0
174778258,04/23/16 06:15,04/23/16 10:15,OVS,BVO,73H,BZBPV,73H,FRBPV,04/23/16 06:15,04/23/16 11:20,0
174778560,04/23/16 11:25,04/23/16 15:40,BVO,OVS,73H,BZBPV,73H,BZBPV,04/23/16 11:25,04/23/16 15:40,0
174773360,04/22/16 15:50,04/22/16 19:15,OVS,ARF,320,OZBPV,320,OZBPV,04/22/16 15:50,04/22/16 19:15,0
174773825,04/22/16 20:25,04/22/16 23:30,ARF,OVS,320,OZBPV,320,OZBPV,04/22/16 20:25,04/22/16 23:30,0
174773823,04/22/16 10:35,04/22/16 12:45,OVS,VRM,320,PZBPV,320,PZBPV,04/22/16 10:35,04/22/16 12:45,0
174773324,04/22/16 14:45,04/22/16 17:05,VRM,OVS,320,PZBPV,320,PZBPV,04/22/16 14:45,04/22/16 17:05,0
174774308,04/22/16 18:25,04/22/16 22:40,OVS,JEK,320,PZBPV,320,EMBPV,04/22/16 18:25,04/22/16 22:40,0
174774294,04/22/16 23:50,04/23/16 04:10,JEK,OVS,320,PZBPV,320,PZBPV,04/22/16 23:50,04/23/16 04:10,0
174777586,04/23/16 06:05,04/23/16 07:45,OVS,LLT,320,PZBPV,320,RZBPV,04/23/16 06:05,04/23/16 08:30,0
174777420,04/23/16 08:35,04/23/16 10:10,LLT,OVS,320,PZBPV,320,PZBPV,04/23/16 08:35,04/23/16 10:10,0
174777698,04/23/16 11:20,04/23/16 15:15,OVS,ACL,320,PZBPV,320,YKBPV,04/23/16 11:20,04/23/16 12:40,0
174774280,04/22/16 11:30,04/22/16 14:40,OVS,CUM,320,QZBPV,320,QZBPV,04/22/16 11:30,04/22/16 14:40,0
174774286,04/22/16 15:35,04/22/16 18:20,CUM,OVS,320,QZBPV,320,QZBPV,04/22/16 18:15,04/22/16 21:00,160
174773791,04/22/16 19:40,04/22/16 21:25,OVS,GOV,320,QZBPV,320,VIBQV,04/22/16 19:40,04/22/16 21:25,0
174777754,04/23/16 03:05,04/23/16 04:55,GOV,OVS,320,QZBPV,320,QZBPV,04/23/16 03:05,04/23/16 04:55,0
174777738,04/23/16 07:05,04/23/16 10:40,OVS,TSI,320,QZBPV,320,TKBQV,04/23/16 07:05,04/23/16 12:05,0
174777894,04/23/16 11:55,04/23/16 15:20,TSI,OVS,320,QZBPV,320,QZBPV,04/23/16 11:55,04/23/16 15:20,0
174773965,04/22/16 12:20,04/22/16 15:00,OVS,FXS,320,RZBPV,320,RZBPV,04/22/16 12:20,04/22/16 15:00,0
174774346,04/22/16 16:00,04/22/16 18:30,FXS,OVS,320,RZBPV,320,RZBPV,04/22/16 18:30,04/22/16 21:00,150
174773382,04/22/16 19:30,04/22/16 22:00,OVS,REA,320,RZBPV,320,YKBPV,04/22/16 19:30,04/22/16 22:00,0
174773805,04/22/16 23:45,04/23/16 02:10,REA,OVS,320,RZBPV,320,RZBPV,04/22/16 23:45,04/23/16 02:10,0
174778390,04/23/16 05:40,04/23/16 08:20,OVS,MJT,320,RZBPV,320,HEBQV,04/23/16 05:40,04/23/16 09:15,0
174778370,04/23/16 09:20,04/23/16 12:15,MJT,OVS,320,RZBPV,320,RZBPV,04/23/16 09:20,04/23/16 12:15,0
174773634,04/22/16 11:20,04/22/16 15:10,OVS,ACL,320,XABQV,320,XABQV,04/22/16 11:20,04/22/16 15:10,0
174773504,04/22/16 16:20,04/22/16 20:05,ACL,OVS,320,XABQV,320,XABQV,04/22/16 17:15,04/22/16 21:00,55
174778056,04/23/16 05:05,04/23/16 08:30,OVS,ARF,320,XABQV,320,UIBQV,04/23/16 05:05,04/23/16 07:55,0
174778210,04/23/16 09:25,04/23/16 12:25,ARF,OVS,320,XABQV,320,XABQV,04/23/16 09:25,04/23/16 12:25,0
174778568,04/23/16 14:05,04/23/16 16:05,OVS,VOR,320,XABQV,320,RZBPV,04/23/16 14:05,04/23/16 17:00,0
174774060,04/22/16 11:40,04/22/16 13:20,OVS,CBN,320,YABQV,320,YABQV,04/22/16 11:40,04/22/16 13:20,0
174774056,04/22/16 14:40,04/22/16 16:20,CBN,OVS,320,YABQV,320,YABQV,04/22/16 14:40,04/22/16 16:20,0
174774452,04/22/16 18:30,04/22/16 22:30,OVS,BVO,320,YABQV,320,WQBPV,04/22/16 18:30,04/22/16 22:30,0
174774472,04/22/16 23:50,04/23/16 04:00,BVO,OVS,320,YABQV,320,YABQV,04/22/16 23:50,04/23/16 04:00,0
174777474,04/23/16 05:30,04/23/16 09:00,OVS,URB,320,YABQV,320,FMBPV,04/23/16 05:30,04/23/16 08:35,0
174777650,04/23/16 10:00,04/23/16 13:20,URB,OVS,320,YABQV,320,YABQV,04/23/16 10:00,04/23/16 13:20,0
174774118,04/22/16 11:35,04/22/16 14:05,GRP,OVS,320,ZABQV,320,ZABQV,04/22/16 11:35,04/22/16 14:05,0
174774002,04/22/16 15:40,04/22/16 19:30,OVS,OCF,320,ZABQV,320,ZABQV,04/22/16 15:40,04/22/16 19:30,0
174774142,04/22/16 22:05,04/23/16 01:40,OCF,OVS,320,ZABQV,320,ZABQV,04/22/16 22:05,04/23/16 01:40,0
174778188,04/23/16 04:50,04/23/16 09:15,OVS,ALA,320,ZABQV,320,OZBPV,04/23/16 04:50,04/23/16 07:55,0
174778192,04/23/16 10:20,04/23/16 15:15,ALA,OVS,320,ZABQV,320,ZABQV,04/23/16 10:20,04/23/16 15:15,0
174773438,04/22/16 10:00,04/22/16 13:40,RHL,OVS,320,BBBQV,320,BBBQV,04/22/16 10:00,04/22/16 13:40,0
174773861,04/22/16 14:55,04/22/16 18:50,OVS,GDC,320,BBBQV,320,BBBQV,04/22/16 14:55,04/22/16 18:50,0
174774370,04/22/16 21:30,04/23/16 01:00,GDC,OVS,320,BBBQV,320,BBBQV,04/22/16 21:30,04/23/16 01:00,0
174778332,04/23/16 03:05,04/23/16 05:25,OVS,RRK,320,BBBQV,320,TIBQV,04/23/16 03:05,04/23/16 06:30,0
174778140,04/23/16 07:25,04/23/16 09:50,RRK,OVS,320,BBBQV,320,BBBQV,04/23/16 07:25,04/23/16 09:50,0
174778480,04/23/16 11:05,04/23/16 15:00,OVS,GDC,320,BBBQV,320,YRBPV,04/23/16 11:05,04/23/16 13:10,0
174774046,04/22/16 08:45,04/22/16 12:45,OVS,GDC,320,CBBQV,320,CBBQV,04/22/16 08:45,04/22/16 12:45,0
174774160,04/22/16 13:55,04/22/16 17:15,GDC,OVS,320,CBBQV,320,CBBQV,04/22/16 13:55,04/22/16 17:15,0
174774008,04/22/16 18:50,04/22/16 23:00,OVS,XAB,320,CBBQV,320,YABQV,04/22/16 18:50,04/22/16 23:00,0
174777848,04/23/16 00:15,04/23/16 04:40,XAB,OVS,320,CBBQV,320,CBBQV,04/23/16 00:15,04/23/16 04:40,0
174778544,04/23/16 07:00,04/23/16 10:35,OVS,HRZ,320,CBBQV,320,PZBPV,04/23/16 07:00,04/23/16 11:20,0
174778548,04/23/16 11:25,04/23/16 14:50,HRZ,OVS,320,CBBQV,320,CBBQV,04/23/16 11:25,04/23/16 14:50,0
174774302,04/22/16 09:00,04/22/16 21:25,OVS,XAL,332,EBBQV,332,EBBQV,04/22/16 09:00,04/22/16 21:25,0
174773998,04/22/16 23:25,04/23/16 11:45,XAL,OVS,332,EBBQV,332,EBBQV,04/22/16 23:25,04/23/16 11:45,0
174774028,04/22/16 07:05,04/22/16 19:45,OVS,AIM,332,FBBQV,332,FBBQV,04/22/16 07:05,04/22/16 19:45,0
174774426,04/22/16 21:05,04/23/16 08:10,AIM,OVS,332,FBBQV,332,FBBQV,04/22/16 21:05,04/23/16 08:10,0
174778102,04/23/16 09:50,04/23/16 22:00,OVS,AIM,332,FBBQV,332,FBBQV,04/23/16 09:50,04/23/16 20:55,0
174773542,04/22/16 18:10,04/23/16 03:30,OVS,KKB,332,GBBQV,332,GBBQV,04/22/16 18:10,04/23/16 03:30,0
174777634,04/23/16 05:10,04/23/16 14:55,KKB,OVS,332,GBBQV,332,GBBQV,04/23/16 05:10,04/23/16 14:55,0
174774482,04/22/16 14:05,04/22/16 15:55,OVS,VOR,320,MCBQV,320,MCBQV,04/22/16 14:05,04/22/16 15:55,0
174773646,04/22/16 17:05,04/22/16 19:00,VOR,OVS,320,MCBQV,320,MCBQV,04/22/16 19:05,04/22/16 21:00,120
174773889,04/22/16 21:10,04/23/16 00:10,OVS,DYG,320,MCBQV,320,RZBPV,04/22/16 21:45,04/23/16 00:15,35
174777792,04/23/16 01:10,04/23/16 04:15,DYG,OVS,320,MCBQV,320,MCBQV,04/23/16 01:10,04/23/16 04:15,0
174778354,04/23/16 05:05,04/23/16 08:30,OVS,QLB,320,MCBQV,320,JEBQV,04/23/16 05:05,04/23/16 07:30,0
174778360,04/23/16 09:30,04/23/16 12:45,QLB,OVS,320,MCBQV,320,MCBQV,04/23/16 09:30,04/23/16 12:45,0
174777914,04/23/16 14:00,04/23/16 16:50,OVS,GRP,320,MCBQV,320,NHBQV,04/23/16 14:00,04/23/16 17:45,0
174773803,04/22/16 11:10,04/22/16 14:10,DYG,OVS,320,NCBQV,320,NCBQV,04/22/16 11:10,04/22/16 14:10,0
174773931,04/22/16 16:00,04/22/16 17:10,OVS,JOG,320,NCBQV,320,NCBQV,04/22/16 16:00,04/22/16 17:10,0
174774074,04/22/16 18:05,04/22/16 19:05,JOG,OVS,320,NCBQV,320,NCBQV,04/22/16 20:00,04/22/16 21:00,115
174773490,04/22/16 20:25,04/22/16 22:55,OVS,KMM,320,NCBQV,320,DWBPV,04/22/16 21:45,04/23/16 00:05,80
174773334,04/22/16 23:55,04/23/16 02:20,KMM,OVS,320,NCBQV,320,NCBQV,04/22/16 23:55,04/23/16 02:20,0
174778308,04/23/16 04:35,04/23/16 08:45,OVS,RHL,320,NCBQV,320,RIBQV,04/23/16 04:35,04/23/16 07:10,0
174778138,04/23/16 10:05,04/23/16 13:50,RHL,OVS,320,NCBQV,320,NCBQV,04/23/16 10:05,04/23/16 13:50,0
174777410,04/23/16 14:55,04/23/16 19:05,OVS,RHL,320,NCBQV,320,MCBQV,04/23/16 14:55,04/23/16 18:10,0
174773829,04/22/16 09:25,04/22/16 17:00,OVS,KEP,333,QCBQV,333,QCBQV,04/22/16 09:25,04/22/16 17:00,0
174773500,04/22/16 18:30,04/23/16 02:30,KEP,OVS,333,QCBQV,333,QCBQV,04/22/16 18:30,04/23/16 02:30,0
174778280,04/23/16 06:20,04/23/16 15:15,OVS,GVP,333,QCBQV,333,VCBQV,04/23/16 06:20,04/23/16 15:15,0
174774414,04/22/16 03:45,04/22/16 13:25,NCI,OVS,333,UCBQV,333,UCBQV,04/22/16 03:45,04/22/16 13:25,0
174773761,04/22/16 17:50,04/23/16 02:10,OVS,OVV,333,UCBQV,333,UCBQV,04/22/16 17:50,04/23/16 02:10,0
174777828,04/23/16 03:55,04/23/16 12:55,OVV,OVS,333,UCBQV,333,UCBQV,04/23/16 03:55,04/23/16 12:55,0
174774486,04/22/16 03:15,04/22/16 13:15,NAC,OVS,333,VCBQV,333,VCBQV,04/22/16 03:15,04/22/16 13:15,0
174773516,04/22/16 12:25,04/22/16 15:20,RTS,OVS,321,AEBQV,321,AEBQV,04/22/16 12:25,04/22/16 15:20,0
174773396,04/22/16 17:25,04/22/16 18:50,OVS,DEL,321,AEBQV,321,AEBQV,04/22/16 17:25,04/22/16 18:50,0
174773390,04/22/16 19:50,04/22/16 21:05,DEL,OVS,321,AEBQV,321,AEBQV,04/22/16 19:50,04/22/16 21:05,0
174778046,04/23/16 04:25,04/23/16 06:20,OVS,DGK,321,AEBQV,321,EOBPV,04/23/16 04:25,04/23/16 05:45,0
174778586,04/23/16 07:15,04/23/16 09:05,DGK,OVS,321,AEBQV,321,AEBQV,04/23/16 07:15,04/23/16 09:05,0
174777614,04/23/16 11:35,04/23/16 14:05,OVS,REA,321,AEBQV,321,OWBPV,04/23/16 11:35,04/23/16 15:45,0
174773523,04/22/16 13:15,04/22/16 15:35,REA,OVS,321,DEBQV,321,DEBQV,04/22/16 13:15,04/22/16 15:35,0
174773594,04/22/16 18:15,04/22/16 22:40,OVS,ALA,321,DEBQV,321,DEBQV,04/22/16 18:15,04/22/16 22:40,0
174773544,04/22/16 23:50,04/23/16 04:45,ALA,OVS,321,DEBQV,321,DEBQV,04/22/16 23:50,04/23/16 04:45,0
174778240,04/23/16 07:05,04/23/16 11:00,OVS,ACL,321,DEBQV,321,DEBQV,04/23/16 07:05,04/23/16 12:00,0
174778086,04/23/16 12:00,04/23/16 15:45,ACL,OVS,321,DEBQV,321,DEBQV,04/23/16 12:00,04/23/16 15:45,0
174774348,04/22/16 09:40,04/22/16 13:10,GDC,OVS,321,EEBQV,321,EEBQV,04/22/16 09:40,04/22/16 13:10,0
174774270,04/22/16 15:10,04/22/16 16:35,OVS,QSM,321,EEBQV,321,EEBQV,04/22/16 15:10,04/22/16 16:35,0
174774050,04/22/16 17:45,04/22/16 19:05,QSM,OVS,321,EEBQV,321,EEBQV,04/22/16 19:40,04/22/16 21:00,115
174773706,04/22/16 20:15,04/22/16 21:35,OVS,DEL,321,EEBQV,321,IOBQV,04/22/16 21:45,04/23/16 00:05,90
174777758,04/23/16 02:10,04/23/16 03:25,DEL,OVS,321,EEBQV,321,EEBQV,04/23/16 02:10,04/23/16 03:25,0
174778306,04/23/16 06:30,04/23/16 10:00,OVS,SMA,321,EEBQV,321,MUBPV,04/23/16 06:30,04/23/16 08:00,0
174778310,04/23/16 11:05,04/23/16 14:15,SMA,OVS,321,EEBQV,321,EEBQV,04/23/16 11:05,04/23/16 14:15,0
174774490,04/22/16 13:25,04/22/16 16:05,OVS,NVE,321,FEBQV,321,FEBQV,04/22/16 13:25,04/22/16 16:05,0
174774334,04/22/16 17:15,04/22/16 20:15,NVE,OVS,321,FEBQV,321,FEBQV,04/22/16 18:00,04/22/16 21:00,45
174778462,04/23/16 04:50,04/23/16 08:45,OVS,GDC,321,FEBQV,321,LTBPV,04/23/16 04:50,04/23/16 08:30,0
174777776,04/23/16 09:45,04/23/16 13:20,GDC,OVS,321,FEBQV,321,FEBQV,04/23/16 09:45,04/23/16 13:20,0
174778562,04/23/16 14:45,04/23/16 17:10,OVS,REA,321,FEBQV,321,RQBPV,04/23/16 14:45,04/23/16 17:55,0
174773745,04/22/16 12:00,04/22/16 15:40,OVS,SMA,321,GEBQV,321,GEBQV,04/22/16 12:00,04/22/16 15:40,0
174773765,04/22/16 16:10,04/22/16 19:20,SMA,OVS,321,GEBQV,321,GEBQV,04/22/16 17:50,04/22/16 21:00,100
174774108,04/22/16 21:05,04/22/16 23:30,OVS,KEC,321,GEBQV,321,GTBPV,04/22/16 21:45,04/23/16 00:05,40
174778034,04/23/16 00:20,04/23/16 02:45,KEC,OVS,321,GEBQV,321,GEBQV,04/23/16 00:20,04/23/16 02:45,0
174777684,04/23/16 04:40,04/23/16 09:15,OVS,NCB,321,GEBQV,321,AEBQV,04/23/16 04:40,04/23/16 05:55,0
174777906,04/23/16 10:15,04/23/16 14:40,NCB,OVS,321,GEBQV,321,GEBQV,04/23/16 10:15,04/23/16 14:40,0
174773584,04/22/16 10:05,04/22/16 13:10,URB,OVS,320,HEBQV,320,HEBQV,04/22/16 10:05,04/22/16 13:10,0
174773660,04/22/16 15:00,04/22/16 19:00,OVS,ECN,320,HEBQV,320,HEBQV,04/22/16 15:00,04/22/16 19:00,0
174773554,04/22/16 21:40,04/23/16 01:15,ECN,OVS,320,HEBQV,320,HEBQV,04/22/16 21:40,04/23/16 01:15,0
174778494,04/23/16 05:20,04/23/16 08:35,OVS,FOS,320,HEBQV,320,UKBQV,04/23/16 05:20,04/23/16 08:35,0
174777628,04/23/16 09:30,04/23/16 12:35,FOS,OVS,320,HEBQV,320,HEBQV,04/23/16 09:30,04/23/16 12:35,0
174774216,04/22/16 11:40,04/22/16 14:40,SMA,OVS,321,IEBQV,321,IEBQV,04/22/16 11:40,04/22/16 14:40,0
174773795,04/22/16 16:55,04/22/16 20:25,OVS,SMA,321,IEBQV,321,IEBQV,04/22/16 16:55,04/22/16 20:25,0
174773813,04/22/16 22:15,04/23/16 01:25,SMA,OVS,321,IEBQV,321,IEBQV,04/22/16 22:15,04/23/16 01:25,0
174777930,04/23/16 03:35,04/23/16 05:35,OVS,AFU,321,IEBQV,321,OWBPV,04/23/16 03:35,04/23/16 07:40,0
174777472,04/23/16 06:35,04/23/16 08:40,AFU,OVS,321,IEBQV,321,IEBQV,04/23/16 06:35,04/23/16 08:40,0
174778554,04/23/16 09:50,04/23/16 14:05,OVS,VLT,321,IEBQV,321,PUBPV,04/23/16 09:50,04/23/16 11:05,0
174774122,04/22/16 12:45,04/22/16 15:00,RRK,OVS,320,JEBQV,320,JEBQV,04/22/16 12:45,04/22/16 15:00,0
174773344,04/22/16 17:10,04/22/16 19:45,OVS,HPC,320,JEBQV,320,JEBQV,04/22/16 17:10,04/22/16 19:45,0
174773348,04/22/16 22:10,04/23/16 00:35,HPC,OVS,320,JEBQV,320,JEBQV,04/22/16 22:10,04/23/16 00:35,0
174778376,04/23/16 11:35,04/23/16 14:45,OVS,CUM,320,JEBQV,320,FMBPV,04/23/16 11:35,04/23/16 13:50,0
174773568,04/22/16 05:15,04/22/16 14:55,KKB,OVS,333,KEBQV,333,KEBQV,04/22/16 05:15,04/22/16 14:55,0
174773470,04/22/16 18:05,04/22/16 22:00,OVS,SAT,333,KEBQV,333,KEBQV,04/22/16 18:05,04/22/16 22:00,0
174773442,04/23/16 00:00,04/23/16 04:20,SAT,OVS,333,KEBQV,333,KEBQV,04/23/16 00:00,04/23/16 04:20,0
174773540,04/22/16 03:45,04/22/16 13:55,TKH,OVS,333,LEBQV,333,LEBQV,04/22/16 03:45,04/22/16 13:55,0
174774434,04/22/16 16:10,04/22/16 20:20,OVS,VLT,333,LEBQV,333,LEBQV,04/22/16 16:10,04/22/16 20:20,0
174774152,04/22/16 22:05,04/23/16 02:10,VLT,OVS,333,LEBQV,333,LEBQV,04/22/16 22:05,04/23/16 02:10,0
174777996,04/23/16 07:05,04/23/16 11:05,OVS,RHL,333,LEBQV,333,LEBQV,04/23/16 07:05,04/23/16 11:10,0
174777972,04/23/16 12:25,04/23/16 16:10,RHL,OVS,333,LEBQV,333,LEBQV,04/23/16 12:25,04/23/16 16:10,0
174773775,04/22/16 12:25,04/22/16 15:20,OVS,EIV,321,KHBQV,321,KHBQV,04/22/16 12:25,04/22/16 15:20,0
174773783,04/22/16 16:10,04/22/16 18:45,EIV,OVS,321,KHBQV,321,KHBQV,04/22/16 18:25,04/22/16 21:00,135
174773817,04/22/16 21:20,04/23/16 01:15,OVS,BVO,321,KHBQV,321,EEBQV,04/22/16 21:45,04/22/16 23:05,25
174777900,04/23/16 02:25,04/23/16 06:40,BVO,OVS,321,KHBQV,321,KHBQV,04/23/16 02:25,04/23/16 06:40,0
174778122,04/23/16 08:45,04/23/16 12:40,OVS,GDC,321,KHBQV,321,IOBQV,04/23/16 08:45,04/23/16 13:00,0
174778244,04/23/16 13:55,04/23/16 17:30,GDC,OVS,321,KHBQV,321,KHBQV,04/23/16 13:55,04/23/16 17:30,0
174773560,04/22/16 10:40,04/22/16 13:40,CUM,OVS,320,LHBQV,320,LHBQV,04/22/16 10:40,04/22/16 13:40,0
174773945,04/22/16 14:35,04/22/16 16:35,OVS,WTS,320,LHBQV,320,LHBQV,04/22/16 14:35,04/22/16 16:35,0
174773851,04/22/16 18:00,04/22/16 20:15,WTS,OVS,320,LHBQV,320,LHBQV,04/22/16 18:45,04/22/16 21:00,45
174773712,04/22/16 22:40,04/23/16 00:35,OVS,EEP,320,LHBQV,320,FWBPV,04/22/16 22:40,04/23/16 02:15,0
174777668,04/23/16 01:30,04/23/16 03:35,EEP,OVS,320,LHBQV,320,LHBQV,04/23/16 01:30,04/23/16 03:35,0
174778032,04/23/16 05:35,04/23/16 09:10,OVS,PXM,320,LHBQV,320,UQBPV,04/23/16 05:35,04/23/16 08:10,0
174778182,04/23/16 10:15,04/23/16 13:40,PXM,OVS,320,LHBQV,320,LHBQV,04/23/16 10:15,04/23/16 13:40,0
174777928,04/23/16 14:50,04/23/16 17:20,OVS,TSV,320,LHBQV,320,DWBPV,04/23/16 14:50,04/23/16 17:25,0
174774012,04/22/16 11:45,04/22/16 15:40,ACL,OVS,321,MHBQV,321,MHBQV,04/22/16 11:45,04/22/16 15:40,0
174773652,04/22/16 18:20,04/22/16 20:40,OVS,XVS,321,MHBQV,321,RTBPV,04/22/16 18:20,04/22/16 20:40,0
174777712,04/23/16 03:20,04/23/16 05:45,XVS,OVS,321,MHBQV,321,MHBQV,04/23/16 03:20,04/23/16 05:45,0
174777860,04/23/16 07:55,04/23/16 09:15,OVS,DEL,321,MHBQV,321,COBPV,04/23/16 07:55,04/23/16 10:20,0
174778000,04/23/16 10:05,04/23/16 11:20,DEL,OVS,321,MHBQV,321,MHBQV,04/23/16 10:05,04/23/16 11:20,0
174777436,04/23/16 12:55,04/23/16 15:25,OVS,REA,321,MHBQV,321,AEBQV,04/23/16 12:55,04/23/16 14:45,0
174773384,04/22/16 12:35,04/22/16 15:55,OVS,ARF,320,NHBQV,320,NHBQV,04/22/16 12:35,04/22/16 15:55,0
174773564,04/22/16 16:50,04/22/16 19:50,ARF,OVS,320,NHBQV,320,NHBQV,04/22/16 18:00,04/22/16 21:00,70
174778014,04/23/16 03:00,04/23/16 07:00,OVS,RHL,320,NHBQV,320,NHBQV,04/23/16 03:00,04/23/16 06:00,0
174778178,04/23/16 07:55,04/23/16 11:40,RHL,OVS,320,NHBQV,320,NHBQV,04/23/16 07:55,04/23/16 11:40,0
174778084,04/23/16 12:50,04/23/16 15:10,OVS,XVS,320,NHBQV,320,TIBQV,04/23/16 12:50,04/23/16 14:35,0
174773847,04/22/16 14:00,04/22/16 16:45,OVS,GRP,320,RIBQV,320,RIBQV,04/22/16 14:00,04/22/16 16:45,0
174774362,04/22/16 17:50,04/22/16 20:25,GRP,OVS,320,RIBQV,320,RIBQV,04/22/16 18:25,04/22/16 21:00,35
174773779,04/22/16 21:50,04/23/16 01:55,OVS,XAB,320,RIBQV,320,VQBPV,04/22/16 21:50,04/23/16 00:45,0
174777616,04/23/16 02:55,04/23/16 07:10,XAB,OVS,320,RIBQV,320,RIBQV,04/23/16 02:55,04/23/16 07:10,0
174777970,04/23/16 08:35,04/23/16 11:20,OVS,FXS,320,RIBQV,320,WQBPV,04/23/16 08:35,04/23/16 10:35,0
174777966,04/23/16 12:10,04/23/16 14:45,FXS,OVS,320,RIBQV,320,RIBQV,04/23/16 12:10,04/23/16 14:45,0
174774444,04/22/16 12:00,04/22/16 15:25,OVS,VIT,320,TIBQV,320,TIBQV,04/22/16 12:00,04/22/16 15:25,0
174774420,04/22/16 16:30,04/22/16 19:55,VIT,OVS,320,TIBQV,320,TIBQV,04/22/16 17:35,04/22/16 21:00,65
174773474,04/22/16 22:35,04/22/16 23:50,OVS,DEL,320,TIBQV,320,NCBQV,04/22/16 22:35,04/22/16 23:35,0
174777532,04/23/16 00:50,04/23/16 02:05,DEL,OVS,320,TIBQV,320,TIBQV,04/23/16 00:50,04/23/16 02:05,0
174778024,04/23/16 06:40,04/23/16 08:25,OVS,GOV,320,TIBQV,320,WIBQV,04/23/16 06:40,04/23/16 08:25,0
174778186,04/23/16 09:25,04/23/16 11:10,GOV,OVS,320,TIBQV,320,TIBQV,04/23/16 09:25,04/23/16 11:10,0
174778300,04/23/16 12:25,04/23/16 13:45,OVS,DEL,320,TIBQV,320,WQBPV,04/23/16 12:25,04/23/16 14:00,0
174778324,04/23/16 14:45,04/23/16 16:00,DEL,OVS,320,TIBQV,320,TIBQV,04/23/16 14:45,04/23/16 16:00,0
174774396,04/22/16 12:00,04/22/16 15:20,GDC,OVS,320,UIBQV,320,UIBQV,04/22/16 12:00,04/22/16 15:20,0
174773454,04/22/16 16:40,04/22/16 19:50,OVS,CUM,320,UIBQV,320,UIBQV,04/22/16 16:40,04/22/16 19:50,0
174773446,04/22/16 21:20,04/23/16 00:10,CUM,OVS,320,UIBQV,320,UIBQV,04/22/16 21:20,04/23/16 00:10,0
174777938,04/23/16 05:50,04/23/16 10:00,OVS,RHL,320,UIBQV,320,KDBPV,04/23/16 05:50,04/23/16 09:35,0
174778012,04/23/16 10:50,04/23/16 14:30,RHL,OVS,320,UIBQV,320,UIBQV,04/23/16 10:50,04/23/16 14:30,0
174773694,04/22/16 19:00,04/22/16 20:45,OVS,FUK,320,VIBQV,320,ZRBPV,04/22/16 19:00,04/22/16 20:45,0
174777924,04/23/16 02:05,04/23/16 03:40,FUK,OVS,320,VIBQV,320,VIBQV,04/23/16 02:05,04/23/16 03:40,0
174777800,04/23/16 06:25,04/23/16 09:15,OVS,MAH,320,VIBQV,320,DIBPV,04/23/16 06:25,04/23/16 07:50,0
174778168,04/23/16 10:15,04/23/16 12:55,MAH,OVS,320,VIBQV,320,VIBQV,04/23/16 10:15,04/23/16 12:55,0
174778018,04/23/16 14:35,04/23/16 16:50,OVS,WTS,320,VIBQV,320,XABQV,04/23/16 14:35,04/23/16 17:35,0
174773616,04/22/16 12:35,04/22/16 14:05,OVS,NZK,320,WIBQV,320,WIBQV,04/22/16 12:35,04/22/16 14:05,0
174773606,04/22/16 15:35,04/22/16 17:00,NZK,OVS,320,WIBQV,320,WIBQV,04/22/16 15:35,04/22/16 17:00,0
174774078,04/22/16 20:05,04/22/16 21:50,OVS,CBN,320,WIBQV,320,CKBPV,04/22/16 21:45,04/23/16 00:05,100
174778174,04/23/16 02:00,04/23/16 03:45,CBN,OVS,320,WIBQV,320,WIBQV,04/23/16 02:00,04/23/16 03:45,0
174778490,04/23/16 06:35,04/23/16 09:45,OVS,CUM,320,WIBQV,320,VIBQV,04/23/16 06:35,04/23/16 08:10,0
174777626,04/23/16 10:35,04/23/16 13:30,CUM,OVS,320,WIBQV,320,WIBQV,04/23/16 10:35,04/23/16 13:30,0
174778142,04/23/16 14:40,04/23/16 16:30,OVS,GOV,320,WIBQV,320,HEBQV,04/23/16 14:40,04/23/16 17:45,0
174774100,04/22/16 10:15,04/22/16 13:30,PXM,OVS,320,SKBQV,320,SKBQV,04/22/16 10:15,04/22/16 13:30,0
174773726,04/22/16 15:05,04/22/16 17:10,OVS,WAW,320,SKBQV,320,SKBQV,04/22/16 15:05,04/22/16 17:10,0
174773704,04/22/16 18:15,04/22/16 20:10,WAW,OVS,320,SKBQV,320,SKBQV,04/22/16 19:05,04/22/16 21:00,50
174774120,04/22/16 21:55,04/23/16 00:45,OVS,NVE,320,SKBQV,320,MCBQV,04/22/16 21:55,04/22/16 23:50,0
174777812,04/23/16 02:00,04/23/16 04:50,NVE,OVS,320,SKBQV,320,SKBQV,04/23/16 02:00,04/23/16 04:50,0
174778118,04/23/16 07:15,04/23/16 10:40,OVS,ARF,320,SKBQV,320,SKBQV,04/23/16 07:15,04/23/16 10:05,0
174777838,04/23/16 12:05,04/23/16 15:05,ARF,OVS,320,SKBQV,320,SKBQV,04/23/16 12:05,04/23/16 15:05,0
174773486,04/22/16 12:45,04/22/16 16:00,PXM,OVS,320,TKBQV,320,TKBQV,04/22/16 12:45,04/22/16 16:00,0
174774054,04/22/16 17:30,04/22/16 22:00,OVS,AJK,320,TKBQV,320,TKBQV,04/22/16 17:30,04/22/16 22:00,0
174774404,04/22/16 23:10,04/23/16 04:10,AJK,OVS,320,TKBQV,320,TKBQV,04/22/16 23:10,04/23/16 04:10,0
174778066,04/23/16 06:05,04/23/16 09:45,OVS,AVG,320,TKBQV,320,EMBPV,04/23/16 06:05,04/23/16 08:30,0
174778120,04/23/16 10:35,04/23/16 14:05,AVG,OVS,320,TKBQV,320,TKBQV,04/23/16 10:35,04/23/16 14:05,0
174774464,04/22/16 11:45,04/22/16 14:55,HRZ,OVS,320,UKBQV,320,UKBQV,04/22/16 11:45,04/22/16 14:55,0
174773538,04/22/16 16:50,04/22/16 20:20,OVS,URB,320,UKBQV,320,UKBQV,04/22/16 16:50,04/22/16 20:20,0
174773789,04/22/16 21:40,04/23/16 00:55,URB,OVS,320,UKBQV,320,UKBQV,04/22/16 21:40,04/23/16 00:55,0
174778444,04/23/16 06:10,04/23/16 07:40,OVS,NZK,320,UKBQV,320,NCBQV,04/23/16 06:10,04/23/16 08:35,0
174778448,04/23/16 08:40,04/23/16 10:15,NZK,OVS,320,UKBQV,320,UKBQV,04/23/16 08:40,04/23/16 10:15,0
174778334,04/23/16 11:20,04/23/16 13:20,OVS,AFU,320,UKBQV,320,UQBPV,04/23/16 11:20,04/23/16 13:50,0
174778476,04/23/16 14:15,04/23/16 16:25,AFU,OVS,320,UKBQV,320,UKBQV,04/23/16 14:15,04/23/16 16:25,0
174774174,04/22/16 03:00,04/22/16 13:20,NAH,OVS,3KR,VMBQV,3KR,VMBQV,04/22/16 03:00,04/22/16 13:20,0
174773440,04/22/16 16:00,04/23/16 01:35,OVS,TRN,3KR,VMBQV,3KR,VMBQV,04/22/16 16:00,04/23/16 01:35,0
174777408,04/23/16 03:00,04/23/16 13:10,TRN,OVS,3KR,VMBQV,3KR,VMBQV,04/23/16 03:00,04/23/16 13:10,0
174777896,04/23/16 09:25,04/23/16 17:00,OVS,KEP,3KR,XMBQV,3KR,XMBQV,04/23/16 09:25,04/23/16 17:00,0
174773859,04/22/16 03:10,04/22/16 12:55,TRN,OVS,3KR,YMBQV,3KR,YMBQV,04/22/16 03:10,04/22/16 12:55,0
174773502,04/22/16 16:15,04/23/16 01:55,OVS,TKH,333,SNBQV,333,SNBQV,04/22/16 16:15,04/23/16 01:55,0
174777608,04/23/16 04:10,04/23/16 14:20,TKH,OVS,333,SNBQV,333,SNBQV,04/23/16 04:10,04/23/16 14:20,0
174774154,04/22/16 09:15,04/22/16 13:45,OVS,NCB,321,HOBQV,321,HOBQV,04/22/16 09:15,04/22/16 13:45,0
174773510,04/22/16 14:50,04/22/16 19:05,NCB,OVS,321,HOBQV,321,HOBQV,04/22/16 16:45,04/22/16 21:00,115
174773883,04/22/16 20:55,04/22/16 23:10,OVS,XVS,321,HOBQV,321,MUBPV,04/22/16 21:45,04/22/16 23:00,50
174777514,04/23/16 00:15,04/23/16 02:40,XVS,OVS,321,HOBQV,321,HOBQV,04/23/16 00:15,04/23/16 02:40,0
174778534,04/23/16 05:25,04/23/16 06:45,OVS,DEL,321,HOBQV,321,IEBQV,04/23/16 05:25,04/23/16 08:35,0
174778052,04/23/16 07:40,04/23/16 08:55,DEL,OVS,321,HOBQV,321,HOBQV,04/23/16 07:40,04/23/16 08:55,0
174777842,04/23/16 12:30,04/23/16 15:15,OVS,EIV,321,HOBQV,321,HOBQV,04/23/16 12:30,04/23/16 13:45,0
174773546,04/22/16 11:35,04/22/16 13:55,OVS,REA,321,IOBQV,321,IOBQV,04/22/16 11:35,04/22/16 13:55,0
174774288,04/22/16 15:40,04/22/16 18:00,REA,OVS,321,IOBQV,321,IOBQV,04/22/16 18:40,04/22/16 21:00,180
174773835,04/22/16 20:10,04/23/16 00:15,OVS,FOT,321,IOBQV,321,NWBPV,04/22/16 20:10,04/23/16 00:15,0
174778340,04/23/16 01:20,04/23/16 05:35,FOT,OVS,321,IOBQV,321,IOBQV,04/23/16 01:20,04/23/16 05:35,0
174778216,04/23/16 06:55,04/23/16 08:15,OVS,DEL,321,IOBQV,321,XQBPV,04/23/16 06:55,04/23/16 08:10,0
174778058,04/23/16 09:05,04/23/16 10:20,DEL,OVS,321,IOBQV,321,IOBQV,04/23/16 09:05,04/23/16 10:20,0
174777814,04/23/16 11:50,04/23/16 15:20,OVS,SMA,321,IOBQV,321,IEBQV,04/23/16 11:50,04/23/16 13:55,0
174773566,04/22/16 14:20,04/22/16 22:05,OVS,VHK,3KR,IPBQV,3KR,IPBQV,04/22/16 14:20,04/22/16 22:05,0
174777438,04/23/16 00:05,04/23/16 08:20,VHK,OVS,3KR,IPBQV,3KR,IPBQV,04/23/16 00:05,04/23/16 08:20,0
174773905,04/22/16 12:25,04/22/16 16:10,RHL,OVS,3KR,JPBQV,3KR,JPBQV,04/22/16 12:25,04/22/16 16:10,0
174774256,04/22/16 21:15,04/23/16 01:50,OVS,AJK,3KR,JPBQV,3KR,JPBQV,04/22/16 21:15,04/23/16 01:50,0
174778528,04/23/16 03:10,04/23/16 07:55,AJK,OVS,3KR,JPBQV,3KR,JPBQV,04/23/16 03:10,04/23/16 07:55,0
174774282,04/22/16 17:35,04/23/16 02:10,OVS,NCI,3KR,KPBQV,3KR,KPBQV,04/22/16 17:35,04/23/16 02:10,0
174778504,04/23/16 03:50,04/23/16 13:15,NCI,OVS,3KR,KPBQV,3KR,KPBQV,04/23/16 03:50,04/23/16 13:15,0
174773496,04/22/16 11:55,04/22/16 14:45,OVS,PIS,32A,UPBQV,32A,UPBQV,04/22/16 11:55,04/22/16 14:45,0
174773318,04/22/16 16:25,04/22/16 19:00,PIS,OVS,32A,UPBQV,32A,UPBQV,04/22/16 18:25,04/22/16 21:00,120
174774422,04/22/16 20:00,04/22/16 23:20,OVS,CJN,32A,UPBQV,32A,LLBPV,04/22/16 21:45,04/22/16 23:20,105
174778532,04/23/16 00:35,04/23/16 04:00,CJN,OVS,32A,UPBQV,32A,UPBQV,04/23/16 00:35,04/23/16 04:00,0
174778212,04/23/16 07:20,04/23/16 10:05,OVS,GRP,32A,UPBQV,32A,UPBQV,04/23/16 07:20,04/23/16 10:45,0
174778200,04/23/16 10:55,04/23/16 13:30,GRP,OVS,32A,UPBQV,32A,UPBQV,04/23/16 10:55,04/23/16 13:30,0
174773338,04/22/16 10:55,04/22/16 12:45,OVS,DGK,32A,VPBQV,32A,VPBQV,04/22/16 10:55,04/22/16 12:45,0
174773358,04/22/16 13:55,04/22/16 15:35,DGK,OVS,32A,VPBQV,32A,VPBQV,04/22/16 13:55,04/22/16 15:35,0
174773570,04/22/16 16:45,04/22/16 20:00,OVS,SUD,32A,VPBQV,32A,VPBQV,04/22/16 16:45,04/22/16 20:00,0
174777908,04/23/16 04:20,04/23/16 07:25,SUD,OVS,32A,VPBQV,32A,VPBQV,04/23/16 04:20,04/23/16 07:25,0
174777864,04/23/16 08:30,04/23/16 11:50,OVS,SUD,32A,VPBQV,32A,TNBPV,04/23/16 08:30,04/23/16 09:45,0
174777876,04/23/16 12:40,04/23/16 15:50,SUD,OVS,32A,VPBQV,32A,VPBQV,04/23/16 12:40,04/23/16 15:50,0
174774006,04/22/16 13:45,04/22/16 15:55,OVS,VRM,32A,WPBQV,32A,WPBQV,04/22/16 13:45,04/22/16 15:55,0
174773990,04/22/16 17:00,04/22/16 19:20,VRM,OVS,32A,WPBQV,32A,WPBQV,04/22/16 18:40,04/22/16 21:00,100
174773456,04/22/16 20:20,04/22/16 22:20,OVS,EEP,32A,WPBQV,32A,HSBQV,04/22/16 21:45,04/22/16 23:55,85
174777542,04/23/16 03:00,04/23/16 05:00,EEP,OVS,32A,WPBQV,32A,WPBQV,04/23/16 03:00,04/23/16 05:00,0
174777426,04/23/16 07:40,04/23/16 10:20,OVS,LSO,32A,WPBQV,32A,WPBQV,04/23/16 07:40,04/23/16 09:40,0
174777584,04/23/16 11:10,04/23/16 13:45,LSO,OVS,32A,WPBQV,32A,WPBQV,04/23/16 11:10,04/23/16 13:45,0
174773722,04/22/16 16:20,04/23/16 01:20,OVS,KKB,77W,BQBQV,77W,BQBQV,04/22/16 16:20,04/23/16 01:20,0
174777598,04/23/16 03:40,04/23/16 13:35,KKB,OVS,77W,BQBQV,77W,BQBQV,04/23/16 03:40,04/23/16 13:35,0
174773340,04/22/16 16:20,04/23/16 01:30,OVS,GKH,77W,CQBQV,77W,CQBQV,04/22/16 16:20,04/23/16 01:30,0
174777422,04/23/16 03:05,04/23/16 13:10,GKH,OVS,77W,CQBQV,77W,CQBQV,04/23/16 03:05,04/23/16 13:10,0
174773787,04/22/16 11:15,04/22/16 21:15,OVS,KFJ,77W,EQBQV,77W,EQBQV,04/22/16 11:15,04/22/16 21:15,0
174774032,04/22/16 23:10,04/23/16 08:15,KFJ,OVS,77W,EQBQV,77W,EQBQV,04/22/16 23:10,04/23/16 08:15,0
174777854,04/23/16 11:25,04/23/16 21:20,OVS,KFJ,77W,EQBQV,77W,BUBQV,04/23/16 11:25,04/23/16 20:30,0
174774432,04/22/16 12:15,04/22/16 16:25,VLT,OVS,77W,FQBQV,77W,FQBQV,04/22/16 12:15,04/22/16 16:25,0
174773468,04/22/16 13:45,04/22/16 21:55,OVS,OVV,77W,GQBQV,77W,GQBQV,04/22/16 13:45,04/22/16 21:55,0
174773480,04/22/16 23:10,04/23/16 07:45,OVV,OVS,77W,GQBQV,77W,GQBQV,04/22/16 23:10,04/23/16 07:45,0
174773530,04/22/16 03:00,04/22/16 12:50,KKB,OVS,77W,MQBQV,77W,MQBQV,04/22/16 03:00,04/22/16 12:50,0
174773849,04/22/16 17:35,04/23/16 02:10,OVS,GVP,77W,MQBQV,77W,MQBQV,04/22/16 17:35,04/23/16 02:10,0
174777670,04/23/16 03:40,04/23/16 13:05,GVP,OVS,77W,MQBQV,77W,MQBQV,04/23/16 03:40,04/23/16 13:05,0
174773759,04/22/16 04:00,04/22/16 12:50,OVV,OVS,333,XQBQV,333,XQBQV,04/22/16 04:00,04/22/16 12:50,0
174774016,04/22/16 16:20,04/23/16 01:35,OVS,NAH,333,XQBQV,333,XQBQV,04/22/16 16:20,04/23/16 01:35,0
174778260,04/23/16 03:20,04/23/16 13:30,NAH,OVS,333,XQBQV,333,XQBQV,04/23/16 03:20,04/23/16 13:30,0
174774192,04/22/16 06:15,04/22/16 15:10,OVS,GVP,333,YQBQV,333,YQBQV,04/22/16 06:15,04/22/16 15:10,0
174773867,04/22/16 17:40,04/23/16 03:20,GVP,OVS,333,YQBQV,333,YQBQV,04/22/16 17:40,04/23/16 03:20,0
174777632,04/23/16 14:20,04/23/16 22:05,OVS,VHK,333,YQBQV,333,QCBQV,04/23/16 14:20,04/23/16 22:20,0
174773763,04/22/16 12:45,04/22/16 14:55,OVS,NER,32A,VRBQV,32A,VRBQV,04/22/16 12:45,04/22/16 14:55,0
174773757,04/22/16 15:40,04/22/16 17:40,NER,OVS,32A,VRBQV,32A,VRBQV,04/22/16 15:40,04/22/16 17:40,0
174773873,04/22/16 19:35,04/22/16 22:25,OVS,NVE,32A,VRBQV,32A,ISBQV,04/22/16 19:35,04/22/16 22:25,0
174777806,04/23/16 03:55,04/23/16 06:45,NVE,OVS,32A,VRBQV,32A,VRBQV,04/23/16 03:55,04/23/16 06:45,0
174778402,04/23/16 08:00,04/23/16 11:20,OVS,RTS,32A,VRBQV,32A,LNBPV,04/23/16 08:00,04/23/16 11:15,0
174777582,04/23/16 12:20,04/23/16 15:25,RTS,OVS,32A,VRBQV,32A,VRBQV,04/23/16 12:20,04/23/16 15:25,0
174773718,04/22/16 10:45,04/22/16 12:30,WAW,OVS,32A,WRBQV,32A,WRBQV,04/22/16 10:45,04/22/16 12:30,0
174774300,04/22/16 13:40,04/22/16 16:10,OVS,SBT,32A,WRBQV,32A,WRBQV,04/22/16 13:40,04/22/16 16:10,0
174774316,04/22/16 17:25,04/22/16 20:10,SBT,OVS,32A,WRBQV,32A,WRBQV,04/22/16 18:15,04/22/16 21:00,50
174774254,04/22/16 12:00,04/22/16 14:10,OVS,EEP,32A,ESBQV,32A,ESBQV,04/22/16 12:00,04/22/16 14:10,0
174774266,04/22/16 15:10,04/22/16 17:10,EEP,OVS,32A,ESBQV,32A,ESBQV,04/22/16 15:10,04/22/16 17:10,0
174773654,04/22/16 18:25,04/22/16 22:05,OVS,TSI,32A,ESBQV,32A,VRBQV,04/22/16 18:25,04/22/16 22:05,0
174773498,04/22/16 22:55,04/23/16 02:20,TSI,OVS,32A,ESBQV,32A,ESBQV,04/22/16 22:55,04/23/16 02:20,0
174778172,04/23/16 04:45,04/23/16 07:00,OVS,VRM,32A,ESBQV,32A,TSBQV,04/23/16 04:45,04/23/16 07:20,0
174778160,04/23/16 08:25,04/23/16 10:45,VRM,OVS,32A,ESBQV,32A,ESBQV,04/23/16 08:25,04/23/16 10:45,0
174777562,04/23/16 11:55,04/23/16 14:35,OVS,PIS,32A,ESBQV,32A,HSBQV,04/23/16 11:55,04/23/16 14:15,0
174773674,04/22/16 17:05,04/22/16 20:30,OVS,QLB,32A,GSBQV,32A,GSBQV,04/22/16 17:05,04/22/16 20:30,0
174773680,04/22/16 22:10,04/23/16 01:20,QLB,OVS,32A,GSBQV,32A,GSBQV,04/22/16 22:10,04/23/16 01:20,0
174777774,04/23/16 07:40,04/23/16 10:40,OVS,JAH,32A,GSBQV,32A,ISBQV,04/23/16 07:40,04/23/16 09:55,0
174777484,04/23/16 11:30,04/23/16 14:15,JAH,OVS,32A,GSBQV,32A,GSBQV,04/23/16 11:30,04/23/16 14:15,0
174774170,04/22/16 13:05,04/22/16 15:10,OVS,RRK,32A,HSBQV,32A,HSBQV,04/22/16 13:05,04/22/16 15:10,0
174774190,04/22/16 16:20,04/22/16 18:30,RRK,OVS,32A,HSBQV,32A,HSBQV,04/22/16 18:50,04/22/16 21:00,150
174773464,04/22/16 20:45,04/22/16 23:25,OVS,MJT,32A,HSBQV,32A,RLBPV,04/22/16 21:45,04/22/16 23:20,60
174777538,04/23/16 00:25,04/23/16 03:10,MJT,OVS,32A,HSBQV,32A,HSBQV,04/23/16 00:25,04/23/16 03:10,0
174777550,04/23/16 04:15,04/23/16 06:40,OVS,KMM,32A,HSBQV,32A,TNBPV,04/23/16 04:15,04/23/16 06:50,0
174778422,04/23/16 07:40,04/23/16 10:00,KMM,OVS,32A,HSBQV,32A,HSBQV,04/23/16 07:40,04/23/16 10:00,0
174778346,04/23/16 11:15,04/23/16 13:40,OVS,KEC,32A,HSBQV,32A,PLBPV,04/23/16 11:15,04/23/16 13:50,0
174778220,04/23/16 14:40,04/23/16 17:05,KEC,OVS,32A,HSBQV,32A,HSBQV,04/23/16 14:40,04/23/16 17:05,0
174773913,04/22/16 10:25,04/22/16 13:15,OVS,PIS,32A,ISBQV,32A,ISBQV,04/22/16 10:25,04/22/16 13:15,0
174773909,04/22/16 14:30,04/22/16 17:05,PIS,OVS,32A,ISBQV,32A,ISBQV,04/22/16 14:30,04/22/16 17:05,0
174774240,04/22/16 18:05,04/22/16 20:20,OVS,RRK,32A,ISBQV,32A,ITBPV,04/22/16 18:05,04/22/16 20:20,0
174778482,04/23/16 03:15,04/23/16 05:30,RRK,OVS,32A,ISBQV,32A,ISBQV,04/23/16 03:15,04/23/16 05:30,0
174778394,04/23/16 07:30,04/23/16 10:05,OVS,HPC,32A,ISBQV,32A,AJBPV,04/23/16 07:30,04/23/16 10:05,0
174778578,04/23/16 11:00,04/23/16 13:25,HPC,OVS,32A,ISBQV,32A,ISBQV,04/23/16 11:00,04/23/16 13:25,0
174773494,04/22/16 11:50,04/22/16 13:40,OVS,GOV,32A,JSBQV,32A,JSBQV,04/22/16 11:50,04/22/16 13:40,0
174773664,04/22/16 14:45,04/22/16 16:30,GOV,OVS,32A,JSBQV,32A,JSBQV,04/22/16 14:45,04/22/16 16:30,0
174773586,04/22/16 17:35,04/22/16 20:30,OVS,VIK,32A,JSBQV,32A,JSBQV,04/22/16 17:35,04/22/16 20:30,0
174773600,04/22/16 21:50,04/23/16 00:45,VIK,OVS,32A,JSBQV,32A,JSBQV,04/22/16 21:50,04/23/16 00:45,0
174777424,04/23/16 05:15,04/23/16 07:35,OVS,RRK,32A,JSBQV,32A,ESBQV,04/23/16 05:15,04/23/16 08:40,0
174778464,04/23/16 08:35,04/23/16 10:50,RRK,OVS,32A,JSBQV,32A,JSBQV,04/23/16 08:35,04/23/16 10:50,0
174777560,04/23/16 11:55,04/23/16 13:45,OVS,GOV,32A,JSBQV,32A,TSBQV,04/23/16 11:55,04/23/16 14:30,0
174777726,04/23/16 14:45,04/23/16 16:35,GOV,OVS,32A,JSBQV,32A,JSBQV,04/23/16 14:45,04/23/16 16:35,0
174774332,04/22/16 14:20,04/22/16 17:00,OVS,PIS,32A,LSBQV,32A,LSBQV,04/22/16 14:20,04/22/16 17:00,0
174773424,04/22/16 18:00,04/22/16 20:35,PIS,OVS,32A,LSBQV,32A,LSBQV,04/22/16 18:25,04/22/16 21:00,25
174773879,04/22/16 22:00,04/23/16 00:05,OVS,NER,32A,LSBQV,32A,WRBQV,04/22/16 22:00,04/23/16 00:45,0
174778162,04/23/16 00:55,04/23/16 03:05,NER,OVS,32A,LSBQV,32A,LSBQV,04/23/16 00:55,04/23/16 03:05,0
174778420,04/23/16 06:45,04/23/16 08:45,OVS,DGK,32A,LSBQV,32A,LLBPV,04/23/16 06:45,04/23/16 10:10,0
174778546,04/23/16 10:00,04/23/16 11:50,DGK,OVS,32A,LSBQV,32A,LSBQV,04/23/16 10:00,04/23/16 11:50,0
174778256,04/23/16 13:05,04/23/16 15:20,OVS,RRK,32A,LSBQV,32A,LLBPV,04/23/16 13:05,04/23/16 16:00,0
174773809,04/22/16 12:40,04/22/16 15:35,SUD,OVS,32A,TSBQV,32A,TSBQV,04/22/16 12:40,04/22/16 15:35,0
174773512,04/22/16 19:10,04/22/16 22:00,OVS,SBT,32A,TSBQV,32A,AJBPV,04/22/16 19:10,04/22/16 22:00,0
174773330,04/22/16 23:00,04/23/16 01:35,SBT,OVS,32A,TSBQV,32A,TSBQV,04/22/16 23:00,04/23/16 01:35,0
174777734,04/23/16 04:15,04/23/16 07:00,OVS,FXS,32A,TSBQV,32A,GSBQV,04/23/16 04:15,04/23/16 07:25,0
174777728,04/23/16 07:50,04/23/16 10:25,FXS,OVS,32A,TSBQV,32A,TSBQV,04/23/16 07:50,04/23/16 10:25,0
174777878,04/23/16 11:55,04/23/16 14:15,OVS,QAA,32A,TSBQV,32A,HLBPV,04/23/16 11:55,04/23/16 14:05,0
174774492,04/22/16 11:20,04/22/16 13:45,HPC,OVS,32A,USBQV,32A,USBQV,04/22/16 11:20,04/22/16 13:45,0
174774478,04/22/16 14:45,04/22/16 17:05,OVS,REA,32A,USBQV,32A,USBQV,04/22/16 14:45,04/22/16 17:05,0
174774324,04/22/16 18:25,04/22/16 20:45,REA,OVS,32A,USBQV,32A,USBQV,04/22/16 18:40,04/22/16 21:00,15
174778290,04/23/16 05:15,04/23/16 06:45,OVS,NZK,32A,USBQV,32A,YJBPV,04/23/16 05:15,04/23/16 08:35,0
174777694,04/23/16 07:35,04/23/16 09:10,NZK,OVS,32A,USBQV,32A,USBQV,04/23/16 07:35,04/23/16 09:10,0
174778350,04/23/16 12:05,04/23/16 14:05,OVS,EEP,32A,USBQV,32A,ESBQV,04/23/16 12:05,04/23/16 14:25,0
174773773,04/22/16 18:35,04/23/16 01:50,OVS,KEP,77W,AUBQV,77W,CUBQV,04/22/16 18:35,04/23/16 01:50,0
174778252,04/23/16 03:40,04/23/16 11:45,KEP,OVS,77W,AUBQV,77W,AUBQV,04/23/16 03:40,04/23/16 11:45,0
174774034,04/22/16 06:50,04/22/16 16:40,OVS,KFJ,77W,BUBQV,77W,BUBQV,04/22/16 06:50,04/22/16 16:40,0
174773777,04/22/16 18:20,04/23/16 03:25,KFJ,OVS,77W,BUBQV,77W,BUBQV,04/22/16 18:20,04/23/16 03:25,0
174778110,04/23/16 06:40,04/23/16 16:25,OVS,KFJ,77W,BUBQV,77W,AUBQV,04/23/16 06:40,04/23/16 16:25,0
174773604,04/22/16 04:05,04/22/16 13:30,GVP,OVS,77W,CUBQV,77W,CUBQV,04/22/16 04:05,04/22/16 13:30,0
174777592,04/23/16 06:30,04/23/16 10:35,OVS,VLT,77W,CUBQV,77W,FQBQV,04/23/16 06:30,04/23/16 10:35,0
174778520,04/23/16 12:05,04/23/16 16:05,VLT,OVS,77W,CUBQV,77W,CUBQV,04/23/16 12:05,04/23/16 16:05,0
174773708,04/22/16 10:10,04/22/16 14:50,DAM,OVS,73H,OVBQV,73H,OVBQV,04/22/16 10:10,04/22/16 14:50,0
174774176,04/22/16 16:30,04/22/16 21:00,OVS,NCB,73H,OVBQV,73H,OVBQV,04/22/16 16:30,04/22/16 21:00,0
174774014,04/22/16 22:05,04/23/16 02:15,NCB,OVS,73H,OVBQV,73H,OVBQV,04/22/16 22:05,04/23/16 02:15,0
174777642,04/23/16 03:45,04/23/16 09:00,OVS,DAM,73H,OVBQV,73H,BWBQV,04/23/16 03:45,04/23/16 09:00,0
174777772,04/23/16 10:00,04/23/16 14:45,DAM,OVS,73H,OVBQV,73H,OVBQV,04/23/16 10:00,04/23/16 14:45,0
174773933,04/22/16 10:10,04/22/16 13:55,TYA,OVS,73H,PVBQV,73H,PVBQV,04/22/16 10:10,04/22/16 13:55,0
174773749,04/22/16 15:15,04/22/16 20:30,OVS,DAM,73H,PVBQV,73H,PVBQV,04/22/16 15:15,04/22/16 20:30,0
174773885,04/22/16 21:30,04/23/16 02:15,DAM,OVS,73H,PVBQV,73H,PVBQV,04/22/16 21:30,04/23/16 02:15,0
174777942,04/23/16 07:25,04/23/16 10:25,OVS,GEB,73H,PVBQV,73H,BWBQV,04/23/16 07:25,04/23/16 09:35,0
174777998,04/23/16 11:25,04/23/16 14:15,GEB,OVS,73H,PVBQV,73H,PVBQV,04/23/16 11:25,04/23/16 14:15,0
174773949,04/22/16 12:25,04/22/16 13:35,DEL,OVS,73H,AWBQV,73H,AWBQV,04/22/16 12:25,04/22/16 13:35,0
174774156,04/22/16 22:55,04/23/16 02:20,OVS,XUN,73H,AWBQV,73H,DCBPV,04/22/16 22:55,04/23/16 02:20,0
174778094,04/23/16 04:40,04/23/16 08:05,XUN,OVS,73H,AWBQV,73H,AWBQV,04/23/16 04:40,04/23/16 08:05,0
174778478,04/23/16 09:40,04/23/16 11:00,OVS,DEL,73H,AWBQV,73H,CWBQV,04/23/16 09:40,04/23/16 14:30,0
174778022,04/23/16 11:55,04/23/16 13:15,DEL,OVS,73H,AWBQV,73H,AWBQV,04/23/16 11:55,04/23/16 13:15,0
174774026,04/22/16 11:40,04/22/16 13:55,OVS,FSA,73H,BWBQV,73H,BWBQV,04/22/16 11:40,04/22/16 13:55,0
174773855,04/22/16 15:05,04/22/16 17:30,FSA,OVS,73H,BWBQV,73H,BWBQV,04/22/16 15:05,04/22/16 17:30,0
174774068,04/22/16 19:35,04/22/16 21:55,OVS,FSA,73H,BWBQV,73H,CWBQV,04/22/16 19:35,04/22/16 21:55,0
174777986,04/23/16 03:10,04/23/16 05:20,FSA,OVS,73H,BWBQV,73H,BWBQV,04/23/16 03:10,04/23/16 05:20,0
174778272,04/23/16 06:50,04/23/16 09:45,OVS,NVE,73H,BWBQV,73H,BZBPV,04/23/16 06:50,04/23/16 12:50,0
174778406,04/23/16 10:45,04/23/16 13:45,NVE,OVS,73H,BWBQV,73H,BWBQV,04/23/16 10:45,04/23/16 13:45,0
174773462,04/22/16 12:10,04/22/16 17:35,BXD,OVS,73H,CWBQV,73H,CWBQV,04/22/16 12:10,04/22/16 17:35,0
174773979,04/22/16 20:40,04/23/16 01:10,OVS,ABA,73H,CWBQV,73H,AWBQV,04/22/16 20:40,04/23/16 01:10,0
174778076,04/23/16 02:30,04/23/16 07:20,ABA,OVS,73H,CWBQV,73H,CWBQV,04/23/16 02:30,04/23/16 07:20,0
174777766,04/23/16 08:55,04/23/16 11:15,OVS,XVS,73H,CWBQV,73H,FWBQV,04/23/16 08:55,04/23/16 15:50,0
174777760,04/23/16 12:15,04/23/16 14:50,XVS,OVS,73H,CWBQV,73H,CWBQV,04/23/16 12:15,04/23/16 14:50,0
174773698,04/22/16 12:20,04/22/16 14:45,XVS,OVS,73H,DWBQV,73H,DWBQV,04/22/16 12:20,04/22/16 14:45,0
174773422,04/22/16 16:00,04/22/16 22:00,OVS,NLU,73H,DWBQV,73H,DWBQV,04/22/16 16:00,04/22/16 22:00,0
174774378,04/22/16 23:10,04/23/16 05:50,NLU,OVS,73H,DWBQV,73H,DWBQV,04/22/16 23:10,04/23/16 05:50,0
174778456,04/23/16 07:00,04/23/16 12:35,OVS,PGA,73H,DWBQV,73H,AZBPV,04/23/16 07:00,04/23/16 12:25,0
174778460,04/23/16 13:45,04/23/16 18:55,PGA,OVS,73H,DWBQV,73H,DWBQV,04/23/16 13:45,04/23/16 18:55,0
174774310,04/22/16 10:45,04/22/16 13:50,NVE,OVS,73H,EWBQV,73H,EWBQV,04/22/16 10:45,04/22/16 13:50,0
174773364,04/22/16 18:15,04/22/16 23:50,OVS,TKI,73H,EWBQV,73H,EWBQV,04/22/16 18:15,04/22/16 23:50,0
174777446,04/23/16 01:25,04/23/16 07:25,TKI,OVS,73H,EWBQV,73H,EWBQV,04/23/16 01:25,04/23/16 07:25,0
174778048,04/23/16 08:35,04/23/16 12:20,OVS,OCF,73H,EWBQV,73H,DWBQV,04/23/16 08:35,04/23/16 15:15,0
174777958,04/23/16 13:30,04/23/16 17:15,OCF,OVS,73H,EWBQV,73H,EWBQV,04/23/16 13:30,04/23/16 17:15,0
174773975,04/22/16 14:50,04/22/16 21:40,OVS,SKY,73H,FWBQV,73H,FWBQV,04/22/16 14:50,04/22/16 21:40,0
174774146,04/22/16 23:30,04/23/16 06:25,SKY,OVS,73H,FWBQV,73H,FWBQV,04/22/16 23:30,04/23/16 06:25,0
174778472,04/23/16 11:25,04/23/16 14:45,OVS,SUD,73H,FWBQV,73H,EWBQV,04/23/16 11:25,04/23/16 17:25,0
